-- phpMyAdmin SQL Dump
-- version 5.0.2
-- https://www.phpmyadmin.net/
--
-- Host: 127.0.0.1
-- Generation Time: Jul 08, 2020 at 02:23 PM
-- Server version: 10.4.13-MariaDB
-- PHP Version: 7.2.31

SET SQL_MODE = "NO_AUTO_VALUE_ON_ZERO";
START TRANSACTION;
SET time_zone = "+00:00";


/*!40101 SET @OLD_CHARACTER_SET_CLIENT=@@CHARACTER_SET_CLIENT */;
/*!40101 SET @OLD_CHARACTER_SET_RESULTS=@@CHARACTER_SET_RESULTS */;
/*!40101 SET @OLD_COLLATION_CONNECTION=@@COLLATION_CONNECTION */;
/*!40101 SET NAMES utf8mb4 */;

--
-- Database: `phpcode`
--

-- --------------------------------------------------------

--
-- Table structure for table `blogs`
--

CREATE TABLE `blogs` (
  `id` int(11) NOT NULL,
  `title` varchar(255) DEFAULT NULL,
  `blog_slug` varchar(255) NOT NULL,
  `picture` varchar(150) DEFAULT NULL,
  `category_id` int(11) DEFAULT NULL,
  `tag_id` varchar(50) DEFAULT NULL,
  `created_at` datetime DEFAULT NULL,
  `updated_at` datetime DEFAULT NULL,
  `created_by_id` int(11) DEFAULT NULL,
  `type` tinyint(4) DEFAULT NULL,
  `subtitle` varchar(500) DEFAULT NULL,
  `sub_category_id` varchar(100) DEFAULT NULL,
  `blog_type` tinyint(4) DEFAULT NULL,
  `paid_amount` int(11) DEFAULT NULL
) ENGINE=InnoDB DEFAULT CHARSET=utf8;

--
-- Dumping data for table `blogs`
--

INSERT INTO `blogs` (`id`, `title`, `blog_slug`, `picture`, `category_id`, `tag_id`, `created_at`, `updated_at`, `created_by_id`, `type`, `subtitle`, `sub_category_id`, `blog_type`, `paid_amount`) VALUES
(11, 'Azizul  Badal', 'Azizul  Badal', '31055f02b8498d3f61594013769_best_2.png', 2, '1,2,3', '2020-07-06 14:25:41', NULL, 1, NULL, 'hasan', '2', 1, 44),
(12, 'sgdsdfg', 'blog-slug12', '94225e7c151df2a691585190173_Screenshot_2.png', 2, '2', '2020-03-26 03:36:13', NULL, 1, NULL, 'dfghfd', '2', 1, 88),
(13, 'asdfasd azizul hasan', 'asdfasd azizul hasan', 'jpg', 2, '2', '2020-07-06 08:05:23', NULL, 1, NULL, 'asdfas', '2', 1, 55),
(14, 'hasan', 'blog-slug14', 'jpg', 2, '2', '2020-03-23 06:11:45', NULL, 1, NULL, 'aziz', '2', 1, 55),
(15, 'sdfgsdf', 'blog-slug15', 'jpg', 1, '2', '2020-03-23 06:13:03', NULL, 1, NULL, 'sdfgsdf', '1', 1, 123),
(16, 'hasan77', '', '63735e7c1561a209f1585190241_85242423_2548500625390301_6005296545409269760_o.jpg', 2, '2', '2020-03-26 03:37:21', NULL, 1, NULL, 'asdfsdfas', '2', 1, 45345),
(19, 'serye', '', 'jpg', 1, '2', '2020-03-23 06:37:34', NULL, 1, NULL, 'asdfasd', '1', 2, 555),
(22, 'dgfd', '', 'jpg', 1, '2', '2020-03-23 06:45:44', NULL, 1, NULL, 'sadfgsf', '1', 2, 6),
(24, 'erghsd', '', 'jpg', 1, '2', '2020-03-23 06:59:09', NULL, 1, NULL, 'asdf', '1', 2, 44),
(25, 'dfhsf', '', 'jpg', 4, '2', '2020-03-23 07:03:46', NULL, 1, NULL, 'adsfgasdf', '8', 2, 565),
(26, 'Second post title', '', 'jpg', 1, '2', '2020-03-23 16:00:13', NULL, 1, NULL, 'second subtitle', '1', 1, 0),
(27, 'Second post title', '', 'jpg', 4, '2', '2020-03-23 16:01:15', NULL, 1, NULL, 'adfgsdf', '8', 2, 44),
(28, 'Second post ', '', 'jpg', 1, '2', '2020-03-23 16:12:24', NULL, 1, NULL, 'hasan', '1', 2, 44),
(29, 'success', '', '', 1, '2', '2020-03-23 18:16:55', NULL, 1, NULL, 'asdfasd', '1', 1, 444),
(30, 'success', '', 'jpg', 1, '2', '2020-03-23 18:17:49', NULL, 1, NULL, 'asdfasd', '1', 1, 444),
(31, 'reygrdgd', '', NULL, 1, '2', '2020-03-24 14:26:23', NULL, 1, NULL, 'asdfasd', '1', 2, 4),
(32, 'this is real blog', '', NULL, 1, '2', '2020-03-24 18:25:55', NULL, 1, NULL, 'this is real blog subtitle', '1', 2, 34),
(33, 'fgsdfg', '', NULL, 4, '2', '2020-03-24 18:30:27', NULL, 1, NULL, 'asdfasd', '10', 2, 3),
(34, 'final', '', '92335e7a47a3520451585072035_Screenshot_1.png', 4, '2', '2020-03-24 18:47:15', NULL, 1, NULL, 'final', '8', 2, 222222222),
(35, 'asdfa', '', '48145e7a47d40cf0c1585072084_munna.jpg', 1, '2', '2020-03-24 18:48:04', NULL, 1, NULL, 'asdfasd', '1', 2, 33),
(36, 'I am havpppasdfasd', '', '70155e7a48fbebc011585072379_munna.jpg', 3, '2', '2020-03-24 18:52:59', NULL, 1, NULL, 'how are you ', '7', 1, 0),
(37, 'fineal', '', '14925e7a48b723d8c1585072311_nafisa.jpg', 3, '2', '2020-03-24 18:51:51', NULL, 1, NULL, 'fineal', '7', 2, 22),
(38, 'image test', 'image test', 'Please upload file', 2, '2', '2020-06-22 12:09:17', NULL, 1, NULL, 'image test', '2', 1, 0),
(39, 'asdfasdf', '', '61545e7a64e7560e01585079527_jeina.jpg', 3, '2', '2020-03-24 00:00:00', NULL, 1, NULL, 'asdfasd', '9', 2, 4),
(40, 'hasan', '', '1', 4, '2', '2020-03-24 21:11:15', NULL, 1, NULL, 'hasan', '8', 2, 34),
(41, 'hasan', '', '49335e7a69c00777e1585080768_Screenshot_4.png', 4, '2', '2020-03-24 21:12:48', NULL, 1, NULL, 'hasan', '8', 2, 34),
(42, 'how are you ', '', '50625e7a6a0a8c54b1585080842_85242423_2548500625390301_6005296545409269760_o.jpg', 3, '2', '2020-03-24 21:14:02', NULL, 1, NULL, 'how are you ', '9', 2, 22),
(43, 'last test', '', '73875e7a6ab23860a1585081010_jeina.jpg', 4, '2', '2020-03-24 21:16:50', NULL, 1, NULL, 'last test', '8', 1, 1),
(44, 'What is Lorem Ipsum?', 'What is Lorem Ipsum?', '71535f0365eb8e0fe1594058219_blog_5.jpg', 3, '3', '2020-07-06 19:56:59', NULL, 1, NULL, 'What is Lorem Ipsum?', '9', 2, 10),
(46, 'What is Lorem Ipsum?', '', '40345e7c58813b7e01585207425_graphic_design.png', 3, '2', '2020-03-26 08:23:45', NULL, 1, NULL, 'What is Lorem Ipsum?', '9', 1, 10),
(47, 'What is Lorem Ipsum?', 'slug47', '15415e7c58987cdda1585207448_graphic_design.png', 3, '2', '2020-03-26 08:24:08', NULL, 1, NULL, 'What is Lorem Ipsum?', '9', 1, 10),
(48, 'What is Lorem Ipsum?', 'slug48', '53285e7c59289017e1585207592_graphic_design.png', 3, '2', '2020-03-26 08:26:32', NULL, 1, NULL, 'What is Lorem Ipsum?', '9', 1, 10),
(49, 'জীবনের লক্ষ্য নির্ধারণ ও স্থির করার উপায়: “সাকসেস ', 'জীবনের লক্ষ্য নির্ধারণ ও স্থির করার উপায়: “সাকসেস ', '69885ef081a19e85c1592820129_download_1.png', 1, '2', '2020-06-22 12:02:09', NULL, 1, NULL, 'জীবনের লক্ষ্য নির্ধারণ বা স্থির করতে হলে জানতে হবে', '1', 1, 10),
(50, 'শেয়ারবাজারের ২২ কোম্পানির ৬১ পরিচালককে আলটিমেটাম', 'শেয়ারবাজারের ২২ কোম্পানির ৬১ পরিচালককে আলটিমেটাম', '19885f0299fa48a071594006010_blog_single_background.jpg', 1, '2', '2020-07-06 05:26:50', NULL, 1, NULL, 'শেয়ারবাজারের ২২ কোম্পানির ৬১ পরিচালককে আলটিমেটাম', '1', 1, 12),
(51, 'শেয়ারবাজারের ২২ কোম্পানির ৬১ পরিচালককে আলটিমেটাম', 'শেয়ারবাজারের ২২ কোম্পানির ৬১ পরিচালককে আলটিমেটাম', '86325f02a6ac8ddaf1594009260_best_2.png', 1, '2', '2020-07-06 06:21:00', NULL, 1, NULL, 'শেয়ারবাজারের ২২ কোম্পানির ৬১ পরিচালককে আলটিমেটাম', '1', 1, 12),
(52, ' তরুণদের এমনভাবে গড়তে হবে, যাতে দেশ হাজারো লতিফুর ', ' তরুণদের এমনভাবে গড়তে হবে, যাতে দেশ হাজারো লতিফুর ', '41155f02c158653f51594016088_adv_3.png', 2, '2', '2020-07-06 19:54:50', NULL, 1, NULL, ' তরুণদের এমনভাবে গড়তে হবে, যাতে দেশ হাজারো লতিফুর ', '2', 2, 12),
(55, 'ক্ষুধার্তকে অন্ন দান অনেক সওয়াবের কাজ', 'ক্ষুধার্তকে অন্ন দান অনেক সওয়াবের কাজ', '48445f0364a684f7b1594057894_adv_2.png', 1, '', '2020-07-06 19:51:34', NULL, 1, NULL, 'ক্ষুধার্তকে অন্ন দান অনেক সওয়াবের কাজ', '1', 1, 12);

-- --------------------------------------------------------

--
-- Table structure for table `blog_comment`
--

CREATE TABLE `blog_comment` (
  `comment_id` int(10) UNSIGNED NOT NULL,
  `comment_text` text NOT NULL,
  `comment_date` timestamp NOT NULL DEFAULT current_timestamp(),
  `parent_id` int(10) UNSIGNED NOT NULL,
  `blog_id` int(11) NOT NULL
) ENGINE=InnoDB DEFAULT CHARSET=utf8;

--
-- Dumping data for table `blog_comment`
--

INSERT INTO `blog_comment` (`comment_id`, `comment_text`, `comment_date`, `parent_id`, `blog_id`) VALUES
(11, 'Test comment', '2013-10-04 19:07:31', 0, 11),
(12, 'test reply', '2013-10-04 19:13:06', 1, 12),
(13, 'test reply 2', '2013-10-04 19:18:11', 1, 13),
(14, 'test reply 3', '2013-10-04 19:20:33', 2, 14),
(15, 'Test comment', '2013-10-04 22:17:20', 0, 11),
(16, 'reply', '2013-10-04 22:19:28', 5, 12),
(17, 'erre', '2013-10-04 22:20:57', 5, 12),
(18, 'trt', '2013-10-04 22:21:39', 6, 11),
(19, 'ghgh', '2013-10-04 22:24:55', 8, 15),
(22, 'Test Comment', '0000-00-00 00:00:00', 0, 15),
(24, 'Test Reply', '0000-00-00 00:00:00', 10, 15),
(25, 'Hello', '2016-08-02 17:07:14', 0, 15),
(26, 'Hi', '2016-08-02 17:07:32', 12, 13),
(27, 'hasan', '2020-03-26 19:40:16', 0, 47),
(28, 'hasan', '2020-03-26 19:40:49', 0, 47),
(29, 'hasand', '2020-03-26 20:10:26', 0, 48),
(30, 'tewst', '2020-03-26 20:20:36', 0, 46),
(31, 'hasdnads', '2020-03-26 20:28:40', 30, 46),
(32, 'hasna', '2020-03-26 20:30:17', 0, 42),
(33, 'asdfasd', '2020-03-26 20:30:51', 32, 42),
(34, 'hasan', '2020-03-26 22:53:08', 0, 43),
(35, 'dd', '2020-03-26 23:01:53', 0, 47),
(36, 'dd', '2020-03-26 23:01:59', 0, 47),
(37, 'dd', '2020-03-26 23:02:05', 28, 47),
(38, 'ff', '2020-03-26 23:02:23', 28, 47),
(39, 'fft', '2020-03-26 23:02:42', 28, 47),
(40, 'yu', '2020-03-26 23:03:07', 28, 47),
(41, 'ee', '2020-03-26 23:07:19', 0, 48),
(42, 'ee', '2020-03-26 23:07:28', 0, 48),
(43, 'hasan', '2020-03-26 23:09:30', 29, 48),
(44, 'test', '2020-03-26 23:09:53', 29, 48),
(45, 'karim', '2020-03-26 23:10:05', 41, 48),
(46, 'need', '2020-03-26 23:10:18', 0, 48),
(47, 'need2', '2020-03-26 23:10:44', 0, 48),
(48, 'ee', '2020-03-26 23:21:15', 0, 48);

-- --------------------------------------------------------

--
-- Table structure for table `category`
--

CREATE TABLE `category` (
  `id` int(11) NOT NULL,
  `category_name` varchar(100) DEFAULT NULL
) ENGINE=InnoDB DEFAULT CHARSET=utf8;

--
-- Dumping data for table `category`
--

INSERT INTO `category` (`id`, `category_name`) VALUES
(1, 'php'),
(2, 'html'),
(3, 'javascript 9'),
(4, 'php_framework');

-- --------------------------------------------------------

--
-- Table structure for table `ci_sessions`
--

CREATE TABLE `ci_sessions` (
  `id` varchar(40) NOT NULL,
  `ip_address` varchar(45) NOT NULL,
  `timestamp` int(10) UNSIGNED NOT NULL DEFAULT 0,
  `data` blob NOT NULL
) ENGINE=InnoDB DEFAULT CHARSET=utf8;

--
-- Dumping data for table `ci_sessions`
--

INSERT INTO `ci_sessions` (`id`, `ip_address`, `timestamp`, `data`) VALUES
('06g02ctmase4307joqh5hklfmu6150nl', '::1', 1593674036, 0x5f5f63695f6c6173745f726567656e65726174657c693a313539333637343033363b69647c733a333a22313130223b6e616d657c733a31323a22417a697a756c20486173616e223b70726f66696c655f69647c733a32313a22313133303733383736373437383235353431323434223b747970657c733a313a2231223b),
('08k1ck9k7re4dtc595q5q8eva0eglq56', '::1', 1593578368, 0x5f5f63695f6c6173745f726567656e65726174657c693a313539333537383336383b69647c733a333a22313035223b6e616d657c733a31323a22417a697a756c20486173616e223b747970657c733a313a2234223b),
('0ki0fu750k7l3ift9rnf8mkrn10kqvho', '::1', 1594055277, 0x5f5f63695f6c6173745f726567656e65726174657c693a313539343035353237373b69647c733a333a22313134223b6e616d657c733a31323a22417a697a756c20486173616e223b70726f66696c655f69647c733a32313a22313133303733383736373437383235353431323434223b747970657c733a313a2231223b),
('0tjp00uatc0339akif3h6ulajhekiivc', '::1', 1593933759, 0x5f5f63695f6c6173745f726567656e65726174657c693a313539333933333734323b69647c733a333a22313130223b6e616d657c733a31323a22417a697a756c20486173616e223b747970657c733a313a2231223b),
('0u77cpimnvqv850o2hc1gvcrbrbq1ms9', '::1', 1594188998, 0x5f5f63695f6c6173745f726567656e65726174657c693a313539343138383939383b70726f66696c655f69647c733a32313a22313133303733383736373437383235353431323434223b69647c733a333a22313235223b6e616d657c733a31323a22417a697a756c20486173616e223b747970657c733a313a2231223b),
('0ub4593uavkvmsap9sgk21t2k6msgu3a', '::1', 1593831482, 0x5f5f63695f6c6173745f726567656e65726174657c693a313539333833313438303b),
('0usd8tlf8k02voohb2keub7sp975gu0q', '::1', 1594011565, 0x5f5f63695f6c6173745f726567656e65726174657c693a313539343031313536353b69647c733a333a22313130223b6e616d657c733a31323a22417a697a756c20486173616e223b747970657c733a313a2231223b),
('172seddb6c55slml4c5l5c8fmg2iblnb', '::1', 1594017529, 0x5f5f63695f6c6173745f726567656e65726174657c693a313539343031373532393b69647c733a333a22313130223b6e616d657c733a31323a22417a697a756c20486173616e223b747970657c733a313a2231223b),
('1f5v576j87lt2qtemhvb0d465psgkmk2', '::1', 1593875563, 0x5f5f63695f6c6173745f726567656e65726174657c693a313539333837353536323b),
('1u91kcib4nhse1ctoefbp5g09j91ip90', '::1', 1593838929, 0x5f5f63695f6c6173745f726567656e65726174657c693a313539333833383932393b69647c733a333a22313130223b6e616d657c733a31323a22417a697a756c20486173616e223b747970657c733a313a2231223b),
('21l56cgsmcs01tdps6rgfb2e328aq5ka', '::1', 1594049893, 0x5f5f63695f6c6173745f726567656e65726174657c693a313539343034393839333b69647c733a333a22313134223b6e616d657c733a31323a22417a697a756c20486173616e223b70726f66696c655f69647c733a32313a22313133303733383736373437383235353431323434223b747970657c733a313a2231223b),
('233q2rih871kcl9cld5u8ivsmg6ftq79', '::1', 1594094479, 0x5f5f63695f6c6173745f726567656e65726174657c693a313539343039343437393b69647c733a333a22313134223b6e616d657c733a31323a22417a697a756c20486173616e223b747970657c733a313a2231223b),
('27bd4a9ajsj5nlmmqnm8q13j6c1kfu0e', '::1', 1593536587, 0x5f5f63695f6c6173745f726567656e65726174657c693a313539333533363538373b),
('27di1sfrihko68ir5nm0pm1ihln2u85t', '::1', 1594188541, 0x5f5f63695f6c6173745f726567656e65726174657c693a313539343138383534313b70726f66696c655f69647c733a32313a22313133303733383736373437383235353431323434223b69647c733a333a22313235223b6e616d657c733a31323a22417a697a756c20486173616e223b747970657c733a313a2231223b),
('28dm55ib3cc2baq3po3tb8d1e5aba5os', '::1', 1594053246, 0x5f5f63695f6c6173745f726567656e65726174657c693a313539343035333234363b69647c733a333a22313134223b6e616d657c733a31323a22417a697a756c20486173616e223b70726f66696c655f69647c733a32313a22313133303733383736373437383235353431323434223b747970657c733a313a2231223b),
('2bthtvl8klpp5en2gj53ajacsjpf8mhm', '::1', 1593917770, 0x5f5f63695f6c6173745f726567656e65726174657c693a313539333931373736393b),
('2e36bf7nfo1705fr8s3risjlirqrn5qd', '::1', 1593666056, 0x5f5f63695f6c6173745f726567656e65726174657c693a313539333636363035363b69647c733a333a22313130223b6e616d657c733a31323a22417a697a756c20486173616e223b70726f66696c655f69647c733a32313a22313133303733383736373437383235353431323434223b747970657c733a313a2231223b),
('2ts2rmpr7717fkve5fb6etmcklreq47a', '::1', 1593574924, 0x5f5f63695f6c6173745f726567656e65726174657c693a313539333537343932343b69647c733a333a22313033223b6e616d657c733a353a22686173616e223b747970657c733a313a2234223b6572727c733a3133353a223c703e5468652046756c6c204e616d65206669656c642069732072657175697265642e3c2f703e0a3c703e546865205265747970652050617373776f7264206669656c642069732072657175697265642e3c2f703e0a3c703e546865205465726d73202620436f6e646974696f6e73206669656c642069732072657175697265642e3c2f703e0a223b5f5f63695f766172737c613a313a7b733a333a22657272223b733a333a226f6c64223b7d),
('31r55uoahua0i8qnbad4ijh4g9b9988n', '::1', 1593661362, 0x5f5f63695f6c6173745f726567656e65726174657c693a313539333636313336323b69647c733a333a22313130223b6e616d657c733a31323a22417a697a756c20486173616e223b70726f66696c655f69647c733a32313a22313133303733383736373437383235353431323434223b747970657c733a313a2231223b),
('33tn4uoqpcank7oj24513j98dvv773hs', '::1', 1593660073, 0x5f5f63695f6c6173745f726567656e65726174657c693a313539333636303037333b69647c733a333a22313039223b6e616d657c733a31323a22417a697a756c20486173616e223b747970657c733a313a2233223b),
('36gn7rbk5r3ks78oeu3gkesj7fqejtrm', '::1', 1594189757, 0x5f5f63695f6c6173745f726567656e65726174657c693a313539343138393735373b70726f66696c655f69647c733a32313a22313133303733383736373437383235353431323434223b69647c733a333a22313235223b6e616d657c733a31323a22417a697a756c20486173616e223b747970657c733a313a2231223b),
('3f369rjde7panqqijfpjssp2983t0512', '::1', 1594183446, 0x5f5f63695f6c6173745f726567656e65726174657c693a313539343138333434363b70726f66696c655f69647c733a32313a22313133303733383736373437383235353431323434223b69647c733a333a22313235223b6e616d657c733a31323a22417a697a756c20486173616e223b747970657c733a313a2231223b),
('3fld7qetjm2nssn60s005o7p6am44t1p', '::1', 1594040212, 0x5f5f63695f6c6173745f726567656e65726174657c693a313539343034303231323b69647c733a333a22313134223b6e616d657c733a31323a22417a697a756c20486173616e223b70726f66696c655f69647c733a32313a22313133303733383736373437383235353431323434223b747970657c733a313a2231223b),
('3gj32cc02j9cei9nm58n05je69lrsoo9', '::1', 1593583446, 0x5f5f63695f6c6173745f726567656e65726174657c693a313539333538333434363b70726f66696c655f69647c733a32313a22313133303733383736373437383235353431323434223b69647c733a333a22313039223b6e616d657c733a31323a22417a697a756c20486173616e223b747970657c733a313a2233223b),
('3o4eqrfc0lq8npj1ag4cp9mv478bkrqm', '::1', 1593486547, 0x5f5f63695f6c6173745f726567656e65726174657c693a313539333438363534363b),
('3p6ssgclvbr9hl6abjm0gvaaojbeq6k6', '::1', 1593573228, 0x5f5f63695f6c6173745f726567656e65726174657c693a313539333537333232383b6572727c733a32353a22506c6565736520456e74657220596f7572204669656c64732e223b5f5f63695f766172737c613a313a7b733a333a22657272223b733a333a226f6c64223b7d),
('3smg9fcm8ddemqjhmi0jpbbdbi41p5s2', '::1', 1594017840, 0x5f5f63695f6c6173745f726567656e65726174657c693a313539343031373834303b69647c733a333a22313130223b6e616d657c733a31323a22417a697a756c20486173616e223b747970657c733a313a2231223b),
('3t83iv3amr3iejfj7ti570edc22b63oh', '::1', 1594095716, 0x5f5f63695f6c6173745f726567656e65726174657c693a313539343039353731363b69647c733a333a22313134223b6e616d657c733a31323a22417a697a756c20486173616e223b747970657c733a313a2231223b6d73677c733a32343a225573657220437265617465642053756365737366756c6c79223b5f5f63695f766172737c613a313a7b733a333a226d7367223b733a333a226e6577223b7d),
('3tpequ578iffktpqo8j274hdcmkbbifd', '::1', 1594177438, 0x5f5f63695f6c6173745f726567656e65726174657c693a313539343137373433383b69647c733a333a22313234223b6e616d657c733a31323a22417a697a756c20486173616e223b70726f66696c655f69647c733a32313a22313133303733383736373437383235353431323434223b747970657c733a313a2231223b),
('3v8rhlnprof8vmv3g196f5fqvrkj2ksq', '::1', 1594117545, 0x5f5f63695f6c6173745f726567656e65726174657c693a313539343131373534333b),
('454gvkf33gc3mqvmgf3muipgtj62lfdq', '::1', 1593661025, 0x5f5f63695f6c6173745f726567656e65726174657c693a313539333636313032353b69647c733a333a22313039223b6e616d657c733a31323a22417a697a756c20486173616e223b747970657c733a313a2233223b),
('47b7jrer2kdn4kqh0kc8dos7jlincqtb', '::1', 1594179986, 0x5f5f63695f6c6173745f726567656e65726174657c693a313539343137393938363b70726f66696c655f69647c733a32313a22313133303733383736373437383235353431323434223b69647c733a333a22313235223b6e616d657c733a31323a22417a697a756c20486173616e223b747970657c733a313a2231223b),
('4n38r7pomp3dlm2r19anjd6sksofhskn', '::1', 1594089253, 0x5f5f63695f6c6173745f726567656e65726174657c693a313539343038393235323b),
('4s9acv3j9ud903g31rshhuhh8223oach', '::1', 1593665222, 0x5f5f63695f6c6173745f726567656e65726174657c693a313539333636353232323b69647c733a333a22313130223b6e616d657c733a31323a22417a697a756c20486173616e223b70726f66696c655f69647c733a32313a22313133303733383736373437383235353431323434223b747970657c733a313a2231223b),
('4vmhbi5bd4h4cop6q25vs1l8eejbkr63', '::1', 1594034482, 0x5f5f63695f6c6173745f726567656e65726174657c693a313539343033343438323b69647c733a333a22313134223b6e616d657c733a31323a22417a697a756c20486173616e223b70726f66696c655f69647c733a32313a22313133303733383736373437383235353431323434223b747970657c733a313a2231223b),
('573mp0vn958takbih5l382jfcc1het0q', '::1', 1593424292, 0x5f5f63695f6c6173745f726567656e65726174657c693a313539333432343239323b69647c733a323a223530223b6e616d657c733a31323a22417a697a756c20486173616e223b70726f66696c655f69647c733a31303a2232313437343833363437223b747970657c733a313a2231223b),
('5dmfs6r1m87sj60n0a2ubpv22dq2l2v9', '::1', 1594098071, 0x5f5f63695f6c6173745f726567656e65726174657c693a313539343039383037313b69647c733a333a22313134223b6e616d657c733a31323a22417a697a756c20486173616e223b747970657c733a313a2231223b),
('5e5c0qn0qsl0aalr8v3m77o4i1rpcrgq', '::1', 1594118707, 0x5f5f63695f6c6173745f726567656e65726174657c693a313539343131383730373b69647c733a333a22313232223b6e616d657c733a31323a22417a697a756c20486173616e223b70726f66696c655f69647c733a32313a22313133303733383736373437383235353431323434223b747970657c733a313a2231223b),
('5evpgqt7sutvtog3pbvdsfv79e5ih9j2', '::1', 1594119828, 0x5f5f63695f6c6173745f726567656e65726174657c693a313539343131393832383b69647c733a333a22313232223b6e616d657c733a31323a22417a697a756c20486173616e223b70726f66696c655f69647c733a32313a22313133303733383736373437383235353431323434223b747970657c733a313a2231223b),
('5hljdf1mt2e3bob359m7impojt0hagcb', '::1', 1594049106, 0x5f5f63695f6c6173745f726567656e65726174657c693a313539343034393130363b69647c733a333a22313134223b6e616d657c733a31323a22417a697a756c20486173616e223b70726f66696c655f69647c733a32313a22313133303733383736373437383235353431323434223b747970657c733a313a2231223b),
('5i2438us42brdfpgf1r3cedgv3uofahq', '::1', 1594094148, 0x5f5f63695f6c6173745f726567656e65726174657c693a313539343039343134383b69647c733a333a22313134223b6e616d657c733a31323a22417a697a756c20486173616e223b747970657c733a313a2231223b),
('5mtsqr8sra7qfl6nbd56b6hpfk2luvsg', '::1', 1594037839, 0x5f5f63695f6c6173745f726567656e65726174657c693a313539343033373833393b69647c733a333a22313134223b6e616d657c733a31323a22417a697a756c20486173616e223b70726f66696c655f69647c733a32313a22313133303733383736373437383235353431323434223b747970657c733a313a2231223b),
('5n7afm2e9fp6t7h7h7fqdcbo9lqrbmij', '::1', 1594052867, 0x5f5f63695f6c6173745f726567656e65726174657c693a313539343035323836373b69647c733a333a22313134223b6e616d657c733a31323a22417a697a756c20486173616e223b70726f66696c655f69647c733a32313a22313133303733383736373437383235353431323434223b747970657c733a313a2231223b),
('5pr6f7gsbdgvbpt94f8coee3bh7caeop', '::1', 1594177096, 0x5f5f63695f6c6173745f726567656e65726174657c693a313539343137373039363b69647c733a333a22313234223b6e616d657c733a31323a22417a697a756c20486173616e223b70726f66696c655f69647c733a32313a22313133303733383736373437383235353431323434223b747970657c733a313a2231223b),
('66381aamm9obvhbvige4hksa4isktpnl', '::1', 1594106232, 0x5f5f63695f6c6173745f726567656e65726174657c693a313539343130363231323b69647c733a333a22313134223b6e616d657c733a31323a22417a697a756c20486173616e223b747970657c733a313a2231223b),
('66noqo0ukfits8aspisn777lfq5b6bi9', '::1', 1593572588, 0x5f5f63695f6c6173745f726567656e65726174657c693a313539333537323538383b6572727c733a32353a22506c6565736520456e74657220596f7572204669656c64732e223b5f5f63695f766172737c613a313a7b733a333a22657272223b733a333a226f6c64223b7d),
('66vsvf50oobj3icmo7bf2m7c01v6qf84', '::1', 1593572896, 0x5f5f63695f6c6173745f726567656e65726174657c693a313539333537323839363b),
('6ao48vecgk4srvuj52kibirsqt1gjkr9', '::1', 1594183103, 0x5f5f63695f6c6173745f726567656e65726174657c693a313539343138333130333b70726f66696c655f69647c733a32313a22313133303733383736373437383235353431323434223b69647c733a333a22313235223b6e616d657c733a31323a22417a697a756c20486173616e223b747970657c733a313a2231223b),
('6jnmt71tv2js8rc2sq0495jk7qt48f5v', '::1', 1593675092, 0x5f5f63695f6c6173745f726567656e65726174657c693a313539333637353039323b69647c733a333a22313130223b6e616d657c733a31323a22417a697a756c20486173616e223b70726f66696c655f69647c733a32313a22313133303733383736373437383235353431323434223b747970657c733a313a2231223b),
('6pvjdm3luhaa0v112gbufk419b8e29um', '::1', 1594036843, 0x5f5f63695f6c6173745f726567656e65726174657c693a313539343033363834333b69647c733a333a22313134223b6e616d657c733a31323a22417a697a756c20486173616e223b70726f66696c655f69647c733a32313a22313133303733383736373437383235353431323434223b747970657c733a313a2231223b),
('6rthqj0pmbkmjk06mluvf2u3ur807s4u', '::1', 1593918130, 0x5f5f63695f6c6173745f726567656e65726174657c693a313539333931383133303b69647c733a333a22313130223b6e616d657c733a31323a22417a697a756c20486173616e223b747970657c733a313a2231223b),
('6tf4ev7tnvfb5d4654tj3v34p30etikn', '::1', 1593539916, 0x5f5f63695f6c6173745f726567656e65726174657c693a313539333533393931363b),
('7316evpt327hub3j9hv7fhl1f5ns5guu', '::1', 1593539200, 0x5f5f63695f6c6173745f726567656e65726174657c693a313539333533393230303b),
('77b48hcvgme859cd1sqmtrit091ltqu3', '::1', 1594058726, 0x5f5f63695f6c6173745f726567656e65726174657c693a313539343035383732363b69647c733a333a22313134223b6e616d657c733a31323a22417a697a756c20486173616e223b70726f66696c655f69647c733a32313a22313133303733383736373437383235353431323434223b747970657c733a313a2231223b),
('7ashbok6646eiccaklkvr8gm85nt3mup', '::1', 1593575848, 0x5f5f63695f6c6173745f726567656e65726174657c693a313539333537353834383b69647c733a333a22313034223b6e616d657c733a31323a22417a697a756c20486173616e223b747970657c733a313a2234223b6572727c733a3133353a223c703e5468652046756c6c204e616d65206669656c642069732072657175697265642e3c2f703e0a3c703e546865205265747970652050617373776f7264206669656c642069732072657175697265642e3c2f703e0a3c703e546865205465726d73202620436f6e646974696f6e73206669656c642069732072657175697265642e3c2f703e0a223b5f5f63695f766172737c613a313a7b733a333a22657272223b733a333a226f6c64223b7d),
('7j1blif12fnf7ffot37pn14ndbf9228e', '::1', 1594016838, 0x5f5f63695f6c6173745f726567656e65726174657c693a313539343031363833383b69647c733a333a22313130223b6e616d657c733a31323a22417a697a756c20486173616e223b747970657c733a313a2231223b),
('7povt2g7ghqjcpmtq64dj9gt7bju2382', '::1', 1594006019, 0x5f5f63695f6c6173745f726567656e65726174657c693a313539343030363031393b69647c733a333a22313130223b6e616d657c733a31323a22417a697a756c20486173616e223b747970657c733a313a2231223b),
('7pqh5qjiei28bkm8oqovh75kjh1aheti', '::1', 1594048626, 0x5f5f63695f6c6173745f726567656e65726174657c693a313539343034383632363b69647c733a333a22313134223b6e616d657c733a31323a22417a697a756c20486173616e223b70726f66696c655f69647c733a32313a22313133303733383736373437383235353431323434223b747970657c733a313a2231223b),
('82lc1m27mg3ms07idgol5nu9h2ei4nk6', '::1', 1593537744, 0x5f5f63695f6c6173745f726567656e65726174657c693a313539333533373734343b),
('88p4nvo81n869frkg1v7ouirs6ub6uk2', '::1', 1594049548, 0x5f5f63695f6c6173745f726567656e65726174657c693a313539343034393534383b69647c733a333a22313134223b6e616d657c733a31323a22417a697a756c20486173616e223b70726f66696c655f69647c733a32313a22313133303733383736373437383235353431323434223b747970657c733a313a2231223b),
('8ujfommgglomh8vd4m41dr24nse9o2mt', '::1', 1593846818, 0x5f5f63695f6c6173745f726567656e65726174657c693a313539333834363831383b69647c733a333a22313130223b6e616d657c733a31323a22417a697a756c20486173616e223b747970657c733a313a2231223b),
('93t7fjs7h69u0rn2pj8b71vtavscm7no', '::1', 1594016158, 0x5f5f63695f6c6173745f726567656e65726174657c693a313539343031363135383b69647c733a333a22313130223b6e616d657c733a31323a22417a697a756c20486173616e223b747970657c733a313a2231223b),
('9b8psqfd4pk9ncdrdfikv980nuh41k6l', '::1', 1593834638, 0x5f5f63695f6c6173745f726567656e65726174657c693a313539333833343633383b69647c733a333a22313130223b6e616d657c733a31323a22417a697a756c20486173616e223b747970657c733a313a2231223b),
('9c9glm6hu5tdm39b42de0l6dvldqqnkd', '::1', 1593585293, 0x5f5f63695f6c6173745f726567656e65726174657c693a313539333538353239333b70726f66696c655f69647c733a32313a22313133303733383736373437383235353431323434223b69647c733a333a22313039223b6e616d657c733a31323a22417a697a756c20486173616e223b747970657c733a313a2233223b),
('9mfoiid6152ud49f4oed5808u5nm2jb5', '::1', 1594048314, 0x5f5f63695f6c6173745f726567656e65726174657c693a313539343034383331343b69647c733a333a22313134223b6e616d657c733a31323a22417a697a756c20486173616e223b70726f66696c655f69647c733a32313a22313133303733383736373437383235353431323434223b747970657c733a313a2231223b),
('9pjug1fc1nj6nat1oefe9lt65cm4ussu', '::1', 1594186686, 0x5f5f63695f6c6173745f726567656e65726174657c693a313539343138363638363b70726f66696c655f69647c733a32313a22313133303733383736373437383235353431323434223b69647c733a333a22313235223b6e616d657c733a31323a22417a697a756c20486173616e223b747970657c733a313a2231223b),
('9qtnfms7731f9mokh8me0h5rae6qd02u', '::1', 1594011219, 0x5f5f63695f6c6173745f726567656e65726174657c693a313539343031313231393b69647c733a333a22313130223b6e616d657c733a31323a22417a697a756c20486173616e223b747970657c733a313a2231223b),
('9rpuplo1rghoh5iof72b6u76som5r6jd', '::1', 1593659073, 0x5f5f63695f6c6173745f726567656e65726174657c693a313539333635393037333b69647c733a333a22313039223b6e616d657c733a31323a22417a697a756c20486173616e223b747970657c733a313a2233223b),
('9tcu7sii1rpt8mpia2ruq46il09t4u4f', '::1', 1593842260, 0x5f5f63695f6c6173745f726567656e65726174657c693a313539333834323236303b69647c733a333a22313130223b6e616d657c733a31323a22417a697a756c20486173616e223b747970657c733a313a2231223b),
('a1bu497l518eq9lfpbi8btk8dresui0s', '::1', 1594185056, 0x5f5f63695f6c6173745f726567656e65726174657c693a313539343138353035363b70726f66696c655f69647c733a32313a22313133303733383736373437383235353431323434223b69647c733a333a22313235223b6e616d657c733a31323a22417a697a756c20486173616e223b747970657c733a313a2231223b),
('a2puqlieban1v9c500mvcvmpd9fkaj37', '::1', 1593572252, 0x5f5f63695f6c6173745f726567656e65726174657c693a313539333537323235323b),
('a6ltsi18upei2ffo8ff071c1pethcp29', '::1', 1593671001, 0x5f5f63695f6c6173745f726567656e65726174657c693a313539333637313030313b69647c733a333a22313130223b6e616d657c733a31323a22417a697a756c20486173616e223b70726f66696c655f69647c733a32313a22313133303733383736373437383235353431323434223b747970657c733a313a2231223b),
('a90heq924cbr2rsjjllmmhrb2566f7n3', '::1', 1594054559, 0x5f5f63695f6c6173745f726567656e65726174657c693a313539343035343535393b69647c733a333a22313134223b6e616d657c733a31323a22417a697a756c20486173616e223b70726f66696c655f69647c733a32313a22313133303733383736373437383235353431323434223b747970657c733a313a2231223b),
('ab2u63am4ttj3ekotom6gcs779r865m7', '::1', 1593574538, 0x5f5f63695f6c6173745f726567656e65726174657c693a313539333537343533383b6d73677c733a31393a225265676973746572205375636365737366756c223b5f5f63695f766172737c613a313a7b733a333a226d7367223b733a333a226e6577223b7d),
('aekgvlsf5bcb1o7tbo27nvlpr5m1vhq0', '::1', 1593933742, 0x5f5f63695f6c6173745f726567656e65726174657c693a313539333933333734323b69647c733a333a22313130223b6e616d657c733a31323a22417a697a756c20486173616e223b747970657c733a313a2231223b),
('ah8lm3357n8v2rcj0deo14it4pq88r23', '::1', 1594120758, 0x5f5f63695f6c6173745f726567656e65726174657c693a313539343132303735383b69647c733a333a22313232223b6e616d657c733a31323a22417a697a756c20486173616e223b70726f66696c655f69647c733a32313a22313133303733383736373437383235353431323434223b747970657c733a313a2231223b),
('aqkuo9ci0gd2jm3im2oen54b76panc3d', '::1', 1594034822, 0x5f5f63695f6c6173745f726567656e65726174657c693a313539343033343832323b69647c733a333a22313134223b6e616d657c733a31323a22417a697a756c20486173616e223b70726f66696c655f69647c733a32313a22313133303733383736373437383235353431323434223b747970657c733a313a2231223b),
('b0pa245688o6i5ksplrc1i8e7qe2458j', '::1', 1594008542, 0x5f5f63695f6c6173745f726567656e65726174657c693a313539343030383534323b69647c733a333a22313130223b6e616d657c733a31323a22417a697a756c20486173616e223b747970657c733a313a2231223b),
('b2gs1h67aclr5il6s6jfkpo480nqcs1m', '::1', 1593659769, 0x5f5f63695f6c6173745f726567656e65726174657c693a313539333635393736393b69647c733a333a22313039223b6e616d657c733a31323a22417a697a756c20486173616e223b747970657c733a313a2233223b),
('b8dijr31ko233q6kmn8u8em9st068uij', '::1', 1594042740, 0x5f5f63695f6c6173745f726567656e65726174657c693a313539343034323734303b69647c733a333a22313134223b6e616d657c733a31323a22417a697a756c20486173616e223b70726f66696c655f69647c733a32313a22313133303733383736373437383235353431323434223b747970657c733a313a2231223b),
('bmb3phn37fuqrspj6p5idq3fss0mtcqk', '::1', 1594050252, 0x5f5f63695f6c6173745f726567656e65726174657c693a313539343035303235323b69647c733a333a22313134223b6e616d657c733a31323a22417a697a756c20486173616e223b70726f66696c655f69647c733a32313a22313133303733383736373437383235353431323434223b747970657c733a313a2231223b),
('bn2k4vr4vnl7ophm2vjrh8gjsngrp2js', '::1', 1593424399, 0x5f5f63695f6c6173745f726567656e65726174657c693a313539333432343239323b70726f66696c655f69647c733a31303a2232313437343833363437223b),
('bpmqipfbud9ous2j3o5af822dr3venff', '::1', 1593833283, 0x5f5f63695f6c6173745f726567656e65726174657c693a313539333833333238333b69647c733a333a22313130223b6e616d657c733a31323a22417a697a756c20486173616e223b747970657c733a313a2231223b),
('bs4eeof4ftfo7e56i35bsgn0g31gnm11', '::1', 1594118090, 0x5f5f63695f6c6173745f726567656e65726174657c693a313539343131383039303b69647c733a333a22313232223b6e616d657c733a31323a22417a697a756c20486173616e223b70726f66696c655f69647c733a32313a22313133303733383736373437383235353431323434223b747970657c733a313a2231223b),
('bt14pcuiaggb5hhg3h7cgga6q4u1n09i', '::1', 1594190090, 0x5f5f63695f6c6173745f726567656e65726174657c693a313539343139303039303b70726f66696c655f69647c733a32313a22313133303733383736373437383235353431323434223b69647c733a333a22313235223b6e616d657c733a31323a22417a697a756c20486173616e223b747970657c733a313a2231223b),
('c09dpt0jp4oaihm2kosmi1rdco9mmke9', '::1', 1594055965, 0x5f5f63695f6c6173745f726567656e65726174657c693a313539343035353936353b69647c733a333a22313134223b6e616d657c733a31323a22417a697a756c20486173616e223b70726f66696c655f69647c733a32313a22313133303733383736373437383235353431323434223b747970657c733a313a2231223b),
('c0fburpvi0vc71lib0eltm3dkh9r2on2', '::1', 1593541522, 0x5f5f63695f6c6173745f726567656e65726174657c693a313539333534313532323b),
('c2fiq757k14sc5batnc9t85m0mvpgc27', '::1', 1594052246, 0x5f5f63695f6c6173745f726567656e65726174657c693a313539343035323234363b69647c733a333a22313134223b6e616d657c733a31323a22417a697a756c20486173616e223b70726f66696c655f69647c733a32313a22313133303733383736373437383235353431323434223b747970657c733a313a2231223b),
('caqaldtpd4ksecptni8vmg5ffe8qo2aq', '::1', 1593664170, 0x5f5f63695f6c6173745f726567656e65726174657c693a313539333636343137303b69647c733a333a22313130223b6e616d657c733a31323a22417a697a756c20486173616e223b70726f66696c655f69647c733a32313a22313133303733383736373437383235353431323434223b747970657c733a313a2231223b),
('ccip2gftrjnraamaltae0fbncjqula1g', '::1', 1593662677, 0x5f5f63695f6c6173745f726567656e65726174657c693a313539333636323637373b69647c733a333a22313130223b6e616d657c733a31323a22417a697a756c20486173616e223b70726f66696c655f69647c733a32313a22313133303733383736373437383235353431323434223b747970657c733a313a2231223b),
('cf10ur15fqa8tjmd7fskeum76e2i85av', '::1', 1593842919, 0x5f5f63695f6c6173745f726567656e65726174657c693a313539333834323931393b69647c733a333a22313130223b6e616d657c733a31323a22417a697a756c20486173616e223b747970657c733a313a2231223b),
('cme3rcr5t9sirjog0it38un5tjo0frac', '::1', 1593579268, 0x5f5f63695f6c6173745f726567656e65726174657c693a313539333537393236373b),
('cnssccddkncqiibpsvdanmo5t18ash7c', '::1', 1593570513, 0x5f5f63695f6c6173745f726567656e65726174657c693a313539333537303531333b),
('cu656ql53dj3ijgj6sn2qslks9jluq2d', '::1', 1593658747, 0x5f5f63695f6c6173745f726567656e65726174657c693a313539333635383734373b69647c733a333a22313039223b6e616d657c733a31323a22417a697a756c20486173616e223b747970657c733a313a2233223b),
('d4t9mqoccskh1fra3voob6asi3to813o', '::1', 1594055619, 0x5f5f63695f6c6173745f726567656e65726174657c693a313539343035353631393b69647c733a333a22313134223b6e616d657c733a31323a22417a697a756c20486173616e223b70726f66696c655f69647c733a32313a22313133303733383736373437383235353431323434223b747970657c733a313a2231223b),
('d6mmmfce9s6294u7bfgdbqbe4o78mdtg', '::1', 1593918332, 0x5f5f63695f6c6173745f726567656e65726174657c693a313539333931383133303b69647c733a333a22313130223b6e616d657c733a31323a22417a697a756c20486173616e223b747970657c733a313a2231223b),
('d8p8i8bie14143705j2ej7qcpn652cvn', '::1', 1593581245, 0x5f5f63695f6c6173745f726567656e65726174657c693a313539333538313234353b70726f66696c655f69647c733a31303a2232313437343833363437223b),
('depqutjh598u9jv0eqt09l8fasg69qp8', '::1', 1593540256, 0x5f5f63695f6c6173745f726567656e65726174657c693a313539333534303235363b),
('df744rbfg4gu21preed7nnug9obuhair', '::1', 1593423943, 0x5f5f63695f6c6173745f726567656e65726174657c693a313539333432333934333b),
('dk1984ovhvp96brlon4cnb2v6olsbfm8', '::1', 1594121892, 0x5f5f63695f6c6173745f726567656e65726174657c693a313539343132313839323b69647c733a333a22313232223b6e616d657c733a31323a22417a697a756c20486173616e223b70726f66696c655f69647c733a32313a22313133303733383736373437383235353431323434223b747970657c733a313a2231223b),
('dqtblei22jasmrb5opkjct0ovgu2ri5o', '::1', 1594047587, 0x5f5f63695f6c6173745f726567656e65726174657c693a313539343034373538373b69647c733a333a22313134223b6e616d657c733a31323a22417a697a756c20486173616e223b70726f66696c655f69647c733a32313a22313133303733383736373437383235353431323434223b747970657c733a313a2231223b),
('e1ab9b79mtvggennivv1v2i5uf83rfm1', '::1', 1593538421, 0x5f5f63695f6c6173745f726567656e65726174657c693a313539333533383432313b),
('e1nue4moagaltg23r9fq3gteht6o7q86', '::1', 1594054239, 0x5f5f63695f6c6173745f726567656e65726174657c693a313539343035343233393b69647c733a333a22313134223b6e616d657c733a31323a22417a697a756c20486173616e223b70726f66696c655f69647c733a32313a22313133303733383736373437383235353431323434223b747970657c733a313a2231223b),
('e67rode9liksl76mp63uh84r9kk6r7la', '::1', 1593582217, 0x5f5f63695f6c6173745f726567656e65726174657c693a313539333538323231373b70726f66696c655f69647c733a32313a22313133303733383736373437383235353431323434223b69647c733a333a22313039223b6e616d657c733a31323a22417a697a756c20486173616e223b747970657c733a313a2233223b),
('e6rgrgo98fc064sodhm1j17t8c1gr6nb', '::1', 1594102743, 0x5f5f63695f6c6173745f726567656e65726174657c693a313539343130323734333b69647c733a333a22313134223b6e616d657c733a31323a22417a697a756c20486173616e223b747970657c733a313a2231223b),
('edd360j196r2goen0fbd3k0srf66i90q', '::1', 1594053869, 0x5f5f63695f6c6173745f726567656e65726174657c693a313539343035333836393b69647c733a333a22313134223b6e616d657c733a31323a22417a697a756c20486173616e223b70726f66696c655f69647c733a32313a22313133303733383736373437383235353431323434223b747970657c733a313a2231223b),
('ekr5g9mng2c2g646vif4d8tq7svnr714', '::1', 1593578730, 0x5f5f63695f6c6173745f726567656e65726174657c693a313539333537383733303b69647c733a333a22313035223b6e616d657c733a31323a22417a697a756c20486173616e223b747970657c733a313a2234223b),
('eo9bf3mt93bh4227sdidu0hpmfohclla', '::1', 1594038946, 0x5f5f63695f6c6173745f726567656e65726174657c693a313539343033383934363b69647c733a333a22313134223b6e616d657c733a31323a22417a697a756c20486173616e223b70726f66696c655f69647c733a32313a22313133303733383736373437383235353431323434223b747970657c733a313a2231223b),
('ep1r6879ms2hm23a7748mqkcpp9uhfkg', '::1', 1593581552, 0x5f5f63695f6c6173745f726567656e65726174657c693a313539333538313535323b70726f66696c655f69647c733a31303a2232313437343833363437223b),
('epu05vo3ecvrahnrtnd3b53tt51ki26g', '::1', 1594013519, 0x5f5f63695f6c6173745f726567656e65726174657c693a313539343031333531393b69647c733a333a22313130223b6e616d657c733a31323a22417a697a756c20486173616e223b747970657c733a313a2231223b),
('ev79506q3aiukjfkr3ubs8gjlnd3k3t7', '::1', 1593670608, 0x5f5f63695f6c6173745f726567656e65726174657c693a313539333637303630383b69647c733a333a22313130223b6e616d657c733a31323a22417a697a756c20486173616e223b70726f66696c655f69647c733a32313a22313133303733383736373437383235353431323434223b747970657c733a313a2231223b),
('evtlebp7vttqdet2rgi3apc50tl4tl8c', '::1', 1594051175, 0x5f5f63695f6c6173745f726567656e65726174657c693a313539343035313137353b69647c733a333a22313134223b6e616d657c733a31323a22417a697a756c20486173616e223b70726f66696c655f69647c733a32313a22313133303733383736373437383235353431323434223b747970657c733a313a2231223b),
('f16fcr6faur2qeqm16a7gcb9cnvp2bab', '::1', 1594044100, 0x5f5f63695f6c6173745f726567656e65726174657c693a313539343034343130303b69647c733a333a22313134223b6e616d657c733a31323a22417a697a756c20486173616e223b70726f66696c655f69647c733a32313a22313133303733383736373437383235353431323434223b747970657c733a313a2231223b),
('f3npofg0ism0a06k9rggspb1q2ldsf7d', '::1', 1594176789, 0x5f5f63695f6c6173745f726567656e65726174657c693a313539343137363738373b),
('f8ile8cj8oeknorp30p4d9l6guqg1pur', '::1', 1593540801, 0x5f5f63695f6c6173745f726567656e65726174657c693a313539333534303830313b),
('f8u0r0et1bt9ud069o1d40m27qmb5hcm', '::1', 1593536915, 0x5f5f63695f6c6173745f726567656e65726174657c693a313539333533363931353b),
('fa4e03jcub48vu7cekv6hrtiqpovnb40', '::1', 1594015750, 0x5f5f63695f6c6173745f726567656e65726174657c693a313539343031353735303b69647c733a333a22313130223b6e616d657c733a31323a22417a697a756c20486173616e223b747970657c733a313a2231223b),
('fatrfecpv3omb5k80cumv3jvf2koh6hl', '::1', 1594039261, 0x5f5f63695f6c6173745f726567656e65726174657c693a313539343033393236313b69647c733a333a22313134223b6e616d657c733a31323a22417a697a756c20486173616e223b70726f66696c655f69647c733a32313a22313133303733383736373437383235353431323434223b747970657c733a313a2231223b),
('fd2g46jjakcnc24h4861bo4qheobudd4', '::1', 1594053557, 0x5f5f63695f6c6173745f726567656e65726174657c693a313539343035333535373b69647c733a333a22313134223b6e616d657c733a31323a22417a697a756c20486173616e223b70726f66696c655f69647c733a32313a22313133303733383736373437383235353431323434223b747970657c733a313a2231223b),
('fh3n9uj4vjrq3sfd55tet36qfb5fvpvd', '::1', 1593692631, 0x5f5f63695f6c6173745f726567656e65726174657c693a313539333639323633303b),
('fl7hej0dtp5ve41qm0ats6o35lgbu5kl', '::1', 1593660407, 0x5f5f63695f6c6173745f726567656e65726174657c693a313539333636303430373b69647c733a333a22313039223b6e616d657c733a31323a22417a697a756c20486173616e223b747970657c733a313a2233223b),
('fnh4oelhd01epqootn6ck4bsh12r3gio', '::1', 1594036192, 0x5f5f63695f6c6173745f726567656e65726174657c693a313539343033363139323b69647c733a333a22313134223b6e616d657c733a31323a22417a697a756c20486173616e223b70726f66696c655f69647c733a32313a22313133303733383736373437383235353431323434223b747970657c733a313a2231223b),
('fscemh61lkuif0gkr7t9lta0hmg6r6tv', '::1', 1594057826, 0x5f5f63695f6c6173745f726567656e65726174657c693a313539343035373832363b69647c733a333a22313134223b6e616d657c733a31323a22417a697a756c20486173616e223b70726f66696c655f69647c733a32313a22313133303733383736373437383235353431323434223b747970657c733a313a2231223b),
('g0eo6b2sra0bt3pmsd400r5ig21red94', '::1', 1593832440, 0x5f5f63695f6c6173745f726567656e65726174657c693a313539333833323434303b69647c733a333a22313130223b6e616d657c733a31323a22417a697a756c20486173616e223b747970657c733a313a2231223b),
('g37l77o2m3p6s58r00bvmpfohq18dock', '::1', 1594180718, 0x5f5f63695f6c6173745f726567656e65726174657c693a313539343138303731383b70726f66696c655f69647c733a32313a22313133303733383736373437383235353431323434223b69647c733a333a22313235223b6e616d657c733a31323a22417a697a756c20486173616e223b747970657c733a313a2231223b),
('gauhs5ea11t0bgi3hqq3obemuergovuj', '::1', 1593665624, 0x5f5f63695f6c6173745f726567656e65726174657c693a313539333636353632343b69647c733a333a22313130223b6e616d657c733a31323a22417a697a756c20486173616e223b70726f66696c655f69647c733a32313a22313133303733383736373437383235353431323434223b747970657c733a313a2231223b),
('gb1rdvhi6skq2o34fqigkbsifguug1hv', '::1', 1594011868, 0x5f5f63695f6c6173745f726567656e65726174657c693a313539343031313836383b69647c733a333a22313130223b6e616d657c733a31323a22417a697a756c20486173616e223b747970657c733a313a2231223b),
('gchauuo7be5tijcgetehthg53kjan4vn', '::1', 1593669127, 0x5f5f63695f6c6173745f726567656e65726174657c693a313539333636393132373b69647c733a333a22313130223b6e616d657c733a31323a22417a697a756c20486173616e223b70726f66696c655f69647c733a32313a22313133303733383736373437383235353431323434223b747970657c733a313a2231223b),
('gfrg18icm8vbpb7i1bts2e42dmefbkki', '::1', 1594052560, 0x5f5f63695f6c6173745f726567656e65726174657c693a313539343035323536303b69647c733a333a22313134223b6e616d657c733a31323a22417a697a756c20486173616e223b70726f66696c655f69647c733a32313a22313133303733383736373437383235353431323434223b747970657c733a313a2231223b),
('gjm5i6b9l3nnofe47hktdo3tfvcpd9tl', '::1', 1593536273, 0x5f5f63695f6c6173745f726567656e65726174657c693a313539333533363237333b),
('gljltqs5im5vfihjdf167fh0839dq2b5', '::1', 1594010310, 0x5f5f63695f6c6173745f726567656e65726174657c693a313539343031303331303b69647c733a333a22313130223b6e616d657c733a31323a22417a697a756c20486173616e223b747970657c733a313a2231223b),
('gogrkr38d8227lls5m7sp133tkdgeg79', '::1', 1593569290, 0x5f5f63695f6c6173745f726567656e65726174657c693a313539333536393239303b),
('h9h85arc8ea0aiulsern1llmomnuasae', '::1', 1593574205, 0x5f5f63695f6c6173745f726567656e65726174657c693a313539333537343230353b6572727c733a3133353a223c703e5468652046756c6c204e616d65206669656c642069732072657175697265642e3c2f703e0a3c703e546865205265747970652050617373776f7264206669656c642069732072657175697265642e3c2f703e0a3c703e546865205465726d73202620436f6e646974696f6e73206669656c642069732072657175697265642e3c2f703e0a223b5f5f63695f766172737c613a313a7b733a333a22657272223b733a333a226f6c64223b7d),
('hdugfduv9lc3f7jh8jgnijehcd064jq4', '::1', 1594184302, 0x5f5f63695f6c6173745f726567656e65726174657c693a313539343138343330323b70726f66696c655f69647c733a32313a22313133303733383736373437383235353431323434223b69647c733a333a22313235223b6e616d657c733a31323a22417a697a756c20486173616e223b747970657c733a313a2231223b),
('he3qsj06mv47lvgkcbqg2rbveida25hm', '::1', 1593587212, 0x5f5f63695f6c6173745f726567656e65726174657c693a313539333538373039343b70726f66696c655f69647c733a32313a22313133303733383736373437383235353431323434223b69647c733a333a22313039223b6e616d657c733a31323a22417a697a756c20486173616e223b747970657c733a313a2233223b),
('hhevj4hm0pqsgnbervipulmh6n0akc44', '::1', 1594096147, 0x5f5f63695f6c6173745f726567656e65726174657c693a313539343039363134373b69647c733a333a22313134223b6e616d657c733a31323a22417a697a756c20486173616e223b747970657c733a313a2231223b6d73677c733a32343a225573657220437265617465642053756365737366756c6c79223b5f5f63695f766172737c613a313a7b733a333a226d7367223b733a333a226e6577223b7d),
('hjrjck1iajksjovpo91anho43t7bssll', '::1', 1594179668, 0x5f5f63695f6c6173745f726567656e65726174657c693a313539343137393636383b70726f66696c655f69647c733a32313a22313133303733383736373437383235353431323434223b69647c733a333a22313235223b6e616d657c733a31323a22417a697a756c20486173616e223b747970657c733a313a2231223b),
('hldr84s99n9mfobgt1fpbj6rliie3hnm', '::1', 1594095306, 0x5f5f63695f6c6173745f726567656e65726174657c693a313539343039353330363b69647c733a333a22313134223b6e616d657c733a31323a22417a697a756c20486173616e223b747970657c733a313a2231223b),
('hnd35lrocsj7hraa11p8o6dsfuipaah0', '::1', 1594180389, 0x5f5f63695f6c6173745f726567656e65726174657c693a313539343138303338393b70726f66696c655f69647c733a32313a22313133303733383736373437383235353431323434223b69647c733a333a22313235223b6e616d657c733a31323a22417a697a756c20486173616e223b747970657c733a313a2231223b),
('hqvk823etvutiqdo59qld72esv7qjfc7', '::1', 1593581916, 0x5f5f63695f6c6173745f726567656e65726174657c693a313539333538313931363b70726f66696c655f69647c733a31303a2232313437343833363437223b),
('hspradq5ub4312hofn13mu7gtha6jonu', '::1', 1594045130, 0x5f5f63695f6c6173745f726567656e65726174657c693a313539343034353133303b69647c733a333a22313134223b6e616d657c733a31323a22417a697a756c20486173616e223b70726f66696c655f69647c733a32313a22313133303733383736373437383235353431323434223b747970657c733a313a2231223b),
('i3l42ips2nq9okcbtk6kut8l4gbvcpgv', '::1', 1593541889, 0x5f5f63695f6c6173745f726567656e65726174657c693a313539333534313532323b),
('i4opeivm0qspq5dmjactveugg4ok731p', '::1', 1593841268, 0x5f5f63695f6c6173745f726567656e65726174657c693a313539333834313236383b69647c733a333a22313130223b6e616d657c733a31323a22417a697a756c20486173616e223b747970657c733a313a2231223b),
('i81307drd7d6a45ime65bomq4u81t2ai', '::1', 1594058295, 0x5f5f63695f6c6173745f726567656e65726174657c693a313539343035383239353b69647c733a333a22313134223b6e616d657c733a31323a22417a697a756c20486173616e223b70726f66696c655f69647c733a32313a22313133303733383736373437383235353431323434223b747970657c733a313a2231223b),
('i9aubbkm3juf3tfig5b6vll4lqro7h77', '::1', 1593673050, 0x5f5f63695f6c6173745f726567656e65726174657c693a313539333637333035303b69647c733a333a22313130223b6e616d657c733a31323a22417a697a756c20486173616e223b70726f66696c655f69647c733a32313a22313133303733383736373437383235353431323434223b747970657c733a313a2231223b),
('iik9mm7b83ju0bsc6p28n7nptu1hsfh1', '::1', 1593577571, 0x5f5f63695f6c6173745f726567656e65726174657c693a313539333537373537313b69647c733a333a22313034223b6e616d657c733a31323a22417a697a756c20486173616e223b747970657c733a313a2234223b),
('j12bg3u7bt14dg3s4rie0mcimk81k5ga', '::1', 1593577068, 0x5f5f63695f6c6173745f726567656e65726174657c693a313539333537373036383b69647c733a333a22313034223b6e616d657c733a31323a22417a697a756c20486173616e223b747970657c733a313a2234223b),
('j4mr07d3a09v5shbdo4ujske660fp6nh', '::1', 1594008193, 0x5f5f63695f6c6173745f726567656e65726174657c693a313539343030383139333b69647c733a333a22313130223b6e616d657c733a31323a22417a697a756c20486173616e223b747970657c733a313a2231223b),
('j5i8rkj36m35t1uplfk1u7egei3ro7mj', '::1', 1593586773, 0x5f5f63695f6c6173745f726567656e65726174657c693a313539333538363737333b70726f66696c655f69647c733a32313a22313133303733383736373437383235353431323434223b69647c733a333a22313039223b6e616d657c733a31323a22417a697a756c20486173616e223b747970657c733a313a2233223b),
('jb2thd8gghvvvt9fr163qgrgeig3oil6', '::1', 1593587094, 0x5f5f63695f6c6173745f726567656e65726174657c693a313539333538373039343b70726f66696c655f69647c733a32313a22313133303733383736373437383235353431323434223b69647c733a333a22313039223b6e616d657c733a31323a22417a697a756c20486173616e223b747970657c733a313a2233223b),
('jbdj8c257l4jsv6k86t0i34dlgj80jph', '::1', 1593663294, 0x5f5f63695f6c6173745f726567656e65726174657c693a313539333636333239343b69647c733a333a22313130223b6e616d657c733a31323a22417a697a756c20486173616e223b70726f66696c655f69647c733a32313a22313133303733383736373437383235353431323434223b747970657c733a313a2231223b),
('jej2ac9nseg9ftg06qgpt70ru11b80ka', '::1', 1594181606, 0x5f5f63695f6c6173745f726567656e65726174657c693a313539343138313630363b70726f66696c655f69647c733a32313a22313133303733383736373437383235353431323434223b69647c733a333a22313235223b6e616d657c733a31323a22417a697a756c20486173616e223b747970657c733a313a2231223b),
('jh3n5jv9jn110dfjtebs7gl8m72a9pie', '::1', 1594059492, 0x5f5f63695f6c6173745f726567656e65726174657c693a313539343035393439323b69647c733a333a22313134223b6e616d657c733a31323a22417a697a756c20486173616e223b70726f66696c655f69647c733a32313a22313133303733383736373437383235353431323434223b747970657c733a313a2231223b),
('jpi5dc20ifc0e4le05j6iv988m0d6tkv', '::1', 1594033388, 0x5f5f63695f6c6173745f726567656e65726174657c693a313539343033333338373b),
('ju6n98jplqdc3am2p2dumvjqujcl7o64', '::1', 1593836545, 0x5f5f63695f6c6173745f726567656e65726174657c693a313539333833363534353b69647c733a333a22313130223b6e616d657c733a31323a22417a697a756c20486173616e223b747970657c733a313a2231223b),
('k2jrehqh7ot1t5iqsalvl1p6rg4subp6', '::1', 1593571933, 0x5f5f63695f6c6173745f726567656e65726174657c693a313539333537313933333b6d73677c733a31393a225265676973746572205375636365737366756c223b5f5f63695f766172737c613a313a7b733a333a226d7367223b733a333a226f6c64223b7d),
('ka2vj0cmolq60m4kfeblgqomk6daueev', '::1', 1594018968, 0x5f5f63695f6c6173745f726567656e65726174657c693a313539343031383838383b69647c733a333a22313130223b6e616d657c733a31323a22417a697a756c20486173616e223b747970657c733a313a2231223b),
('kgl2lsl6b6o9501dopr74k8aej3l92ec', '::1', 1594013888, 0x5f5f63695f6c6173745f726567656e65726174657c693a313539343031333838383b69647c733a333a22313130223b6e616d657c733a31323a22417a697a756c20486173616e223b747970657c733a313a2231223b),
('kl85dcnicdk1mof65kr4voam2ahvmvfb', '::1', 1593659461, 0x5f5f63695f6c6173745f726567656e65726174657c693a313539333635393436313b69647c733a333a22313039223b6e616d657c733a31323a22417a697a756c20486173616e223b747970657c733a313a2233223b),
('l6fvqqrjvogn80id7rimhlsr7dsto3t2', '::1', 1594047215, 0x5f5f63695f6c6173745f726567656e65726174657c693a313539343034373231353b69647c733a333a22313134223b6e616d657c733a31323a22417a697a756c20486173616e223b70726f66696c655f69647c733a32313a22313133303733383736373437383235353431323434223b747970657c733a313a2231223b),
('l8ofq7ddgt2bvqkg10ec5c4cma1k5bhd', '::1', 1593833683, 0x5f5f63695f6c6173745f726567656e65726174657c693a313539333833333638333b69647c733a333a22313130223b6e616d657c733a31323a22417a697a756c20486173616e223b747970657c733a313a2231223b),
('lc0tdtqbsb4afh40ifp4chf0cg4qd0ng', '::1', 1593840960, 0x5f5f63695f6c6173745f726567656e65726174657c693a313539333834303936303b69647c733a333a22313130223b6e616d657c733a31323a22417a697a756c20486173616e223b747970657c733a313a2231223b),
('ld1d2ld392q6kp849pml2qamnpv00nub', '::1', 1594096982, 0x5f5f63695f6c6173745f726567656e65726174657c693a313539343039363938323b69647c733a333a22313134223b6e616d657c733a31323a22417a697a756c20486173616e223b747970657c733a313a2231223b6d73677c733a32343a225573657220437265617465642053756365737366756c6c79223b5f5f63695f766172737c613a313a7b733a333a226d7367223b733a333a226f6c64223b7d),
('leauht4h04lknj1h2rm1hnlg8e1tb72o', '::1', 1593718894, 0x5f5f63695f6c6173745f726567656e65726174657c693a313539333731383839343b),
('lft0j94400a1vd88grl89j9f5u4d6mc2', '::1', 1593675108, 0x5f5f63695f6c6173745f726567656e65726174657c693a313539333637353039323b69647c733a333a22313130223b6e616d657c733a31323a22417a697a756c20486173616e223b70726f66696c655f69647c733a32313a22313133303733383736373437383235353431323434223b747970657c733a313a2231223b),
('lj4u2eb27nmdvkbo0ir44n64d2cp0tae', '::1', 1594178014, 0x5f5f63695f6c6173745f726567656e65726174657c693a313539343137383031343b69647c733a333a22313234223b6e616d657c733a31323a22417a697a756c20486173616e223b70726f66696c655f69647c733a32313a22313133303733383736373437383235353431323434223b747970657c733a313a2231223b),
('lm3roodpl9u05v0eve8sqm93ie5dm2re', '::1', 1593718894, 0x5f5f63695f6c6173745f726567656e65726174657c693a313539333731383839333b),
('lt29f26v1al2322263k1ctkemg1ek3r9', '::1', 1594047984, 0x5f5f63695f6c6173745f726567656e65726174657c693a313539343034373938343b69647c733a333a22313134223b6e616d657c733a31323a22417a697a756c20486173616e223b70726f66696c655f69647c733a32313a22313133303733383736373437383235353431323434223b747970657c733a313a2231223b),
('m48ongld64hqaib5ar3js2638p7u294o', '::1', 1593423622, 0x5f5f63695f6c6173745f726567656e65726174657c693a313539333432333632313b),
('m5enuq5a48jj1900f9krpgt45t6db7ed', '::1', 1594043104, 0x5f5f63695f6c6173745f726567656e65726174657c693a313539343034333130343b69647c733a333a22313134223b6e616d657c733a31323a22417a697a756c20486173616e223b70726f66696c655f69647c733a32313a22313133303733383736373437383235353431323434223b747970657c733a313a2231223b),
('m89qunb24juhimr4m251jlfdf3csob24', '::1', 1593837589, 0x5f5f63695f6c6173745f726567656e65726174657c693a313539333833373538393b69647c733a333a22313130223b6e616d657c733a31323a22417a697a756c20486173616e223b747970657c733a313a2231223b),
('m8vcm96daclddrif48mqfrrrnher6sg9', '::1', 1594045519, 0x5f5f63695f6c6173745f726567656e65726174657c693a313539343034353531393b69647c733a333a22313134223b6e616d657c733a31323a22417a697a756c20486173616e223b70726f66696c655f69647c733a32313a22313133303733383736373437383235353431323434223b747970657c733a313a2231223b),
('mb96rrlf0tmv8q9a6r1afqipvtq4obtg', '::1', 1593671419, 0x5f5f63695f6c6173745f726567656e65726174657c693a313539333637313431393b69647c733a333a22313130223b6e616d657c733a31323a22417a697a756c20486173616e223b70726f66696c655f69647c733a32313a22313133303733383736373437383235353431323434223b747970657c733a313a2231223b),
('mbkv703kdnch6b637ocnde0ahvm0d6r9', '::1', 1594035862, 0x5f5f63695f6c6173745f726567656e65726174657c693a313539343033353836323b69647c733a333a22313134223b6e616d657c733a31323a22417a697a756c20486173616e223b70726f66696c655f69647c733a32313a22313133303733383736373437383235353431323434223b747970657c733a313a2231223b),
('mc7p2l1famcpqoo5flq9eejs7ggjfijm', '::1', 1594106212, 0x5f5f63695f6c6173745f726567656e65726174657c693a313539343130363231323b69647c733a333a22313134223b6e616d657c733a31323a22417a697a756c20486173616e223b747970657c733a313a2231223b),
('mhqdubk4e4ldcjovonjkl8md0o5qc8jr', '::1', 1594038586, 0x5f5f63695f6c6173745f726567656e65726174657c693a313539343033383538363b69647c733a333a22313134223b6e616d657c733a31323a22417a697a756c20486173616e223b70726f66696c655f69647c733a32313a22313133303733383736373437383235353431323434223b747970657c733a313a2231223b),
('mkee965hhff3r3socnnbm2vb2anp9qg3', '::1', 1594184741, 0x5f5f63695f6c6173745f726567656e65726174657c693a313539343138343734313b70726f66696c655f69647c733a32313a22313133303733383736373437383235353431323434223b69647c733a333a22313235223b6e616d657c733a31323a22417a697a756c20486173616e223b747970657c733a313a2231223b),
('mnmdambl8ijqho7t8tn8c8r6tb03huu5', '::1', 1593570842, 0x5f5f63695f6c6173745f726567656e65726174657c693a313539333537303834323b6d73677c733a31393a225265676973746572205375636365737366756c223b5f5f63695f766172737c613a313a7b733a333a226d7367223b733a333a226f6c64223b7d),
('n24s0a32vb3j7m335vom859o09md58gj', '::1', 1594033703, 0x5f5f63695f6c6173745f726567656e65726174657c693a313539343033333730333b),
('n2cvsrra2fffhanhgu8q8jcj9hgah1cv', '::1', 1594104144, 0x5f5f63695f6c6173745f726567656e65726174657c693a313539343130343134343b69647c733a333a22313134223b6e616d657c733a31323a22417a697a756c20486173616e223b747970657c733a313a2231223b),
('n84hlktouar8h3r2cpq8qqp54tr2fign', '::1', 1593674775, 0x5f5f63695f6c6173745f726567656e65726174657c693a313539333637343737353b69647c733a333a22313130223b6e616d657c733a31323a22417a697a756c20486173616e223b70726f66696c655f69647c733a32313a22313133303733383736373437383235353431323434223b747970657c733a313a2231223b),
('n9livhjp3aie2v5l96oau2b8iekk77aj', '::1', 1593838460, 0x5f5f63695f6c6173745f726567656e65726174657c693a313539333833383436303b69647c733a333a22313130223b6e616d657c733a31323a22417a697a756c20486173616e223b747970657c733a313a2231223b),
('nadr6jskbknqotti67al80r16tr13hvr', '::1', 1593836218, 0x5f5f63695f6c6173745f726567656e65726174657c693a313539333833363231383b69647c733a333a22313130223b6e616d657c733a31323a22417a697a756c20486173616e223b747970657c733a313a2231223b),
('ng6t9l80q6htanmv1ph9p1u9fugqsoir', '::1', 1594178875, 0x5f5f63695f6c6173745f726567656e65726174657c693a313539343137383837353b70726f66696c655f69647c733a32313a22313133303733383736373437383235353431323434223b69647c733a333a22313235223b6e616d657c733a31323a22417a697a756c20486173616e223b747970657c733a313a2231223b),
('nio595ogucfr1ehbfr6pbu4vglbkb4b8', '::1', 1594010883, 0x5f5f63695f6c6173745f726567656e65726174657c693a313539343031303838333b69647c733a333a22313130223b6e616d657c733a31323a22417a697a756c20486173616e223b747970657c733a313a2231223b),
('nnpfn6b5tvreuhh3kept133r3lr3910u', '::1', 1593573534, 0x5f5f63695f6c6173745f726567656e65726174657c693a313539333537333533343b),
('nrks8rmnn7fsa4ru0abf9q3k2i6e1pd2', '::1', 1594120349, 0x5f5f63695f6c6173745f726567656e65726174657c693a313539343132303334393b69647c733a333a22313232223b6e616d657c733a31323a22417a697a756c20486173616e223b70726f66696c655f69647c733a32313a22313133303733383736373437383235353431323434223b747970657c733a313a2231223b),
('nuug1g14ls7h4mu6vhu4du5ummhf6biv', '::1', 1594097395, 0x5f5f63695f6c6173745f726567656e65726174657c693a313539343039373339353b69647c733a333a22313134223b6e616d657c733a31323a22417a697a756c20486173616e223b747970657c733a313a2231223b),
('nv1556osj1uhqt9posagfkh26di2cu5d', '::1', 1594059623, 0x5f5f63695f6c6173745f726567656e65726174657c693a313539343035393439323b69647c733a333a22313134223b6e616d657c733a31323a22417a697a756c20486173616e223b70726f66696c655f69647c733a32313a22313133303733383736373437383235353431323434223b747970657c733a313a2231223b),
('o0v7hevgu00lloau24bn3392uupckskp', '::1', 1594014830, 0x5f5f63695f6c6173745f726567656e65726174657c693a313539343031343833303b69647c733a333a22313130223b6e616d657c733a31323a22417a697a756c20486173616e223b747970657c733a313a2231223b),
('o75hsasm57co9ckvoj3qn5dl5ffib4ua', '::1', 1593486547, 0x5f5f63695f6c6173745f726567656e65726174657c693a313539333438363534373b),
('o7ktu22lbadkgkom6pdcshh43uhblk8c', '::1', 1594119443, 0x5f5f63695f6c6173745f726567656e65726174657c693a313539343131393434333b69647c733a333a22313232223b6e616d657c733a31323a22417a697a756c20486173616e223b70726f66696c655f69647c733a32313a22313133303733383736373437383235353431323434223b747970657c733a313a2231223b),
('oaivlvmtdv7gmaf8phmnnmhuc2c8c7dl', '::1', 1594105381, 0x5f5f63695f6c6173745f726567656e65726174657c693a313539343130353338313b69647c733a333a22313134223b6e616d657c733a31323a22417a697a756c20486173616e223b747970657c733a313a2231223b),
('ohfru1jc0k6f1aehrhidgmceolm45eco', '::1', 1594192258, 0x5f5f63695f6c6173745f726567656e65726174657c693a313539343139323235383b70726f66696c655f69647c733a32313a22313133303733383736373437383235353431323434223b69647c733a333a22313235223b6e616d657c733a31323a22417a697a756c20486173616e223b747970657c733a313a2231223b);
INSERT INTO `ci_sessions` (`id`, `ip_address`, `timestamp`, `data`) VALUES
('olimtupnfks353o0fju9767pe97nkm7b', '::1', 1593709184, 0x5f5f63695f6c6173745f726567656e65726174657c693a313539333730393138343b),
('omfm11sso0tcgbnpvufq44b43sq5l0ru', '::1', 1594059083, 0x5f5f63695f6c6173745f726567656e65726174657c693a313539343035393038333b69647c733a333a22313134223b6e616d657c733a31323a22417a697a756c20486173616e223b70726f66696c655f69647c733a32313a22313133303733383736373437383235353431323434223b747970657c733a313a2231223b),
('ook6pdf5raego3kubu80ar6fp3lq0413', '::1', 1594187045, 0x5f5f63695f6c6173745f726567656e65726174657c693a313539343138373034353b70726f66696c655f69647c733a32313a22313133303733383736373437383235353431323434223b69647c733a333a22313235223b6e616d657c733a31323a22417a697a756c20486173616e223b747970657c733a313a2231223b),
('osfgprgs674t65tpmv6mh00lrqv6snhr', '::1', 1594190829, 0x5f5f63695f6c6173745f726567656e65726174657c693a313539343139303832393b70726f66696c655f69647c733a32313a22313133303733383736373437383235353431323434223b69647c733a333a22313235223b6e616d657c733a31323a22417a697a756c20486173616e223b747970657c733a313a2231223b),
('ov48nba829svphldvdapaadk8a5tosin', '::1', 1593674340, 0x5f5f63695f6c6173745f726567656e65726174657c693a313539333637343334303b69647c733a333a22313130223b6e616d657c733a31323a22417a697a756c20486173616e223b70726f66696c655f69647c733a32313a22313133303733383736373437383235353431323434223b747970657c733a313a2231223b),
('p3psmrknde759i0hf0jfrfqjvgrk08g5', '::1', 1593835766, 0x5f5f63695f6c6173745f726567656e65726174657c693a313539333833353736363b69647c733a333a22313130223b6e616d657c733a31323a22417a697a756c20486173616e223b747970657c733a313a2231223b),
('p4fueo5sq0dia1l1atl04bfdihp48af3', '::1', 1593835035, 0x5f5f63695f6c6173745f726567656e65726174657c693a313539333833353033353b69647c733a333a22313130223b6e616d657c733a31323a22417a697a756c20486173616e223b747970657c733a313a2231223b),
('p56i40m2iu8ok1s0o5muf78fj5ukp8ad', '::1', 1594035172, 0x5f5f63695f6c6173745f726567656e65726174657c693a313539343033353137323b69647c733a333a22313134223b6e616d657c733a31323a22417a697a756c20486173616e223b70726f66696c655f69647c733a32313a22313133303733383736373437383235353431323434223b747970657c733a313a2231223b),
('pa5hmkqum4tc64aosa4h9rm89savjkcn', '::1', 1594188065, 0x5f5f63695f6c6173745f726567656e65726174657c693a313539343138383036353b70726f66696c655f69647c733a32313a22313133303733383736373437383235353431323434223b69647c733a333a22313235223b6e616d657c733a31323a22417a697a756c20486173616e223b747970657c733a313a2231223b),
('pc6jrfm3gou35nqg366gjesnlneo1229', '::1', 1593672124, 0x5f5f63695f6c6173745f726567656e65726174657c693a313539333637323132343b69647c733a333a22313130223b6e616d657c733a31323a22417a697a756c20486173616e223b70726f66696c655f69647c733a32313a22313133303733383736373437383235353431323434223b747970657c733a313a2231223b),
('pgcp3v0hh74q5rg1o3h0l5ioi8m9di0e', '::1', 1594122649, 0x5f5f63695f6c6173745f726567656e65726174657c693a313539343132323435363b69647c733a333a22313232223b6e616d657c733a31323a22417a697a756c20486173616e223b70726f66696c655f69647c733a32313a22313133303733383736373437383235353431323434223b747970657c733a313a2231223b),
('ph4r35gjr144vt7br8104cr077le3vr9', '::1', 1594182691, 0x5f5f63695f6c6173745f726567656e65726174657c693a313539343138323639313b70726f66696c655f69647c733a32313a22313133303733383736373437383235353431323434223b69647c733a333a22313235223b6e616d657c733a31323a22417a697a756c20486173616e223b747970657c733a313a2231223b),
('pi3rci0k9dpqp164rplflae34mv5klhr', '::1', 1593841622, 0x5f5f63695f6c6173745f726567656e65726174657c693a313539333834313632323b69647c733a333a22313130223b6e616d657c733a31323a22417a697a756c20486173616e223b747970657c733a313a2231223b),
('pnqausp51ld4o3gs19t1upf5d5l01hc1', '::1', 1594192527, 0x5f5f63695f6c6173745f726567656e65726174657c693a313539343139323235383b70726f66696c655f69647c733a32313a22313133303733383736373437383235353431323434223b69647c733a333a22313235223b6e616d657c733a31323a22417a697a756c20486173616e223b747970657c733a313a2231223b),
('pnr2adl1pbvhfd9ebl2ic6r9mtlap2cj', '::1', 1594040641, 0x5f5f63695f6c6173745f726567656e65726174657c693a313539343034303634313b69647c733a333a22313134223b6e616d657c733a31323a22417a697a756c20486173616e223b70726f66696c655f69647c733a32313a22313133303733383736373437383235353431323434223b747970657c733a313a2231223b),
('pojugvp3kr8atrm46mhnoipgm5lh2fgg', '::1', 1594018888, 0x5f5f63695f6c6173745f726567656e65726174657c693a313539343031383838383b69647c733a333a22313130223b6e616d657c733a31323a22417a697a756c20486173616e223b747970657c733a313a2231223b),
('pqhp748e67uos67djgd4a94vrsfgnon5', '::1', 1594009598, 0x5f5f63695f6c6173745f726567656e65726174657c693a313539343030393539383b69647c733a333a22313130223b6e616d657c733a31323a22417a697a756c20486173616e223b747970657c733a313a2231223b),
('pt3bt66fftugfs35tg996hpj88qfj6p3', '::1', 1594178551, 0x5f5f63695f6c6173745f726567656e65726174657c693a313539343137383535313b70726f66696c655f69647c733a32313a22313133303733383736373437383235353431323434223b),
('pumn8v0rk51cdou19u9jdu29pu2kv7tk', '::1', 1594014453, 0x5f5f63695f6c6173745f726567656e65726174657c693a313539343031343435333b69647c733a333a22313130223b6e616d657c733a31323a22417a697a756c20486173616e223b747970657c733a313a2231223b),
('q3ip56seagevfsjt0nuqnib6vs7gnf5k', '::1', 1593414507, 0x5f5f63695f6c6173745f726567656e65726174657c693a313539333431343433383b69647c4e3b6e616d657c4e3b747970657c4e3b),
('q8vr6r9ska42f7vb2dl259cn2j8ahkqj', '::1', 1594119031, 0x5f5f63695f6c6173745f726567656e65726174657c693a313539343131393033313b69647c733a333a22313232223b6e616d657c733a31323a22417a697a756c20486173616e223b70726f66696c655f69647c733a32313a22313133303733383736373437383235353431323434223b747970657c733a313a2231223b),
('q9k2oamb49634pnqqotdt1fmmndi40dv', '::1', 1594051939, 0x5f5f63695f6c6173745f726567656e65726174657c693a313539343035313933393b69647c733a333a22313134223b6e616d657c733a31323a22417a697a756c20486173616e223b70726f66696c655f69647c733a32313a22313133303733383736373437383235353431323434223b747970657c733a313a2231223b),
('qe7ncqo5rid19fsbgv3l06cnef36klhf', '::1', 1594096557, 0x5f5f63695f6c6173745f726567656e65726174657c693a313539343039363535373b69647c733a333a22313134223b6e616d657c733a31323a22417a697a756c20486173616e223b747970657c733a313a2231223b6d73677c733a32343a225573657220437265617465642053756365737366756c6c79223b5f5f63695f766172737c613a313a7b733a333a226d7367223b733a333a226e6577223b7d),
('qf0jbup301icjjqu22la9f8v2g1i8i5i', '::1', 1594191317, 0x5f5f63695f6c6173745f726567656e65726174657c693a313539343139313331373b70726f66696c655f69647c733a32313a22313133303733383736373437383235353431323434223b69647c733a333a22313235223b6e616d657c733a31323a22417a697a756c20486173616e223b747970657c733a313a2231223b),
('qk7oa3v88rtqammaijms5k7r18nfshf4', '::1', 1593837200, 0x5f5f63695f6c6173745f726567656e65726174657c693a313539333833373230303b69647c733a333a22313130223b6e616d657c733a31323a22417a697a756c20486173616e223b747970657c733a313a2231223b),
('qpbu46alnaphp6fepg7idlp4ludnttqe', '::1', 1594102244, 0x5f5f63695f6c6173745f726567656e65726174657c693a313539343130323234343b69647c733a333a22313134223b6e616d657c733a31323a22417a697a756c20486173616e223b747970657c733a313a2231223b6d73677c733a32343a225573657220557064617465642053756365737366756c6c79223b5f5f63695f766172737c613a313a7b733a333a226d7367223b733a333a226e6577223b7d),
('r18cdt30sghh7s1tnfal9mm69dmbqk8n', '::1', 1593835359, 0x5f5f63695f6c6173745f726567656e65726174657c693a313539333833353335393b69647c733a333a22313130223b6e616d657c733a31323a22417a697a756c20486173616e223b747970657c733a313a2231223b),
('r33oufb06b7c7m78anckesjtkjc562st', '::1', 1593668613, 0x5f5f63695f6c6173745f726567656e65726174657c693a313539333636383631333b69647c733a333a22313130223b6e616d657c733a31323a22417a697a756c20486173616e223b70726f66696c655f69647c733a32313a22313133303733383736373437383235353431323434223b747970657c733a313a2231223b),
('r54shcfqjvrn2263i8v56qt03o2h5oej', '::1', 1594043422, 0x5f5f63695f6c6173745f726567656e65726174657c693a313539343034333432323b69647c733a333a22313134223b6e616d657c733a31323a22417a697a756c20486173616e223b70726f66696c655f69647c733a32313a22313133303733383736373437383235353431323434223b747970657c733a313a2231223b),
('r76q14230tu8k5l7fed5s0hrb44sichk', '::1', 1594182036, 0x5f5f63695f6c6173745f726567656e65726174657c693a313539343138323033363b70726f66696c655f69647c733a32313a22313133303733383736373437383235353431323434223b69647c733a333a22313235223b6e616d657c733a31323a22417a697a756c20486173616e223b747970657c733a313a2231223b),
('rf2mi0qv3qk5j0n4svd0r29secmidmmh', '::1', 1593793586, 0x5f5f63695f6c6173745f726567656e65726174657c693a313539333739333538353b),
('rfdu0e25lp2khfljquc7ojcl4fvosts6', '::1', 1594041961, 0x5f5f63695f6c6173745f726567656e65726174657c693a313539343034313936313b69647c733a333a22313134223b6e616d657c733a31323a22417a697a756c20486173616e223b70726f66696c655f69647c733a32313a22313133303733383736373437383235353431323434223b747970657c733a313a2231223b),
('rh90ib01t0dvprf7negdf12p2m46o5bs', '::1', 1593580931, 0x5f5f63695f6c6173745f726567656e65726174657c693a313539333538303933313b69647c733a333a22313036223b6e616d657c733a31323a22417a697a756c20486173616e223b70726f66696c655f69647c733a31303a2232313437343833363437223b747970657c733a313a2233223b),
('rllo7beddpnjhjm858gg99a84vlclrta', '::1', 1594017222, 0x5f5f63695f6c6173745f726567656e65726174657c693a313539343031373232323b69647c733a333a22313130223b6e616d657c733a31323a22417a697a756c20486173616e223b747970657c733a313a2231223b),
('rm1305bcjoi9juoph50nsrr8qdd4ln0c', '::1', 1593747244, 0x5f5f63695f6c6173745f726567656e65726174657c693a313539333734373234333b),
('s0koffckcu3oaf5o3fr0glgmoc4k5njq', '::1', 1593577912, 0x5f5f63695f6c6173745f726567656e65726174657c693a313539333537373931323b69647c733a333a22313034223b6e616d657c733a31323a22417a697a756c20486173616e223b747970657c733a313a2234223b),
('s495ch02u3u56m162c1jnvk4ieo5rgul', '::1', 1594094934, 0x5f5f63695f6c6173745f726567656e65726174657c693a313539343039343933343b69647c733a333a22313134223b6e616d657c733a31323a22417a697a756c20486173616e223b747970657c733a313a2231223b),
('s9vh5b8m0ods396v44mk6ba4tomsdent', '::1', 1593538856, 0x5f5f63695f6c6173745f726567656e65726174657c693a313539333533383835363b),
('scdqtagkron6cj98urj3bm335sv1leto', '::1', 1593836887, 0x5f5f63695f6c6173745f726567656e65726174657c693a313539333833363838373b69647c733a333a22313130223b6e616d657c733a31323a22417a697a756c20486173616e223b747970657c733a313a2231223b),
('sdtn9sr49e8tftckpa6dfrtel7sb124d', '::1', 1594183773, 0x5f5f63695f6c6173745f726567656e65726174657c693a313539343138333737333b70726f66696c655f69647c733a32313a22313133303733383736373437383235353431323434223b69647c733a333a22313235223b6e616d657c733a31323a22417a697a756c20486173616e223b747970657c733a313a2231223b),
('sisq7sat7q9dsd4gc9rfo703p5t1pprh', '::1', 1593831824, 0x5f5f63695f6c6173745f726567656e65726174657c693a313539333833313832333b),
('sll2qcmf31vr0hn5unb07e30k5ejgsup', '::1', 1593538109, 0x5f5f63695f6c6173745f726567656e65726174657c693a313539333533383130393b),
('sm9o9r5s7hpajggumpr2b0aer4r6nn8b', '::1', 1594015335, 0x5f5f63695f6c6173745f726567656e65726174657c693a313539343031353333353b69647c733a333a22313130223b6e616d657c733a31323a22417a697a756c20486173616e223b747970657c733a313a2231223b),
('sns691vn88pvv8734i1hvv3hap41cv0p', '::1', 1594035484, 0x5f5f63695f6c6173745f726567656e65726174657c693a313539343033353438343b69647c733a333a22313134223b6e616d657c733a31323a22417a697a756c20486173616e223b70726f66696c655f69647c733a32313a22313133303733383736373437383235353431323434223b747970657c733a313a2231223b),
('ss4ngckr509ofk69ddok5n5c1aq0avcc', '::1', 1594097766, 0x5f5f63695f6c6173745f726567656e65726174657c693a313539343039373736363b69647c733a333a22313134223b6e616d657c733a31323a22417a697a756c20486173616e223b747970657c733a313a2231223b),
('supgvum5iu5r20678c35o2pp3347tnvf', '::1', 1594009117, 0x5f5f63695f6c6173745f726567656e65726174657c693a313539343030393131373b69647c733a333a22313130223b6e616d657c733a31323a22417a697a756c20486173616e223b747970657c733a313a2231223b),
('svjmndk2ffs75g95nb2m6meimpjbifmu', '::1', 1594038155, 0x5f5f63695f6c6173745f726567656e65726174657c693a313539343033383135353b69647c733a333a22313134223b6e616d657c733a31323a22417a697a756c20486173616e223b70726f66696c655f69647c733a32313a22313133303733383736373437383235353431323434223b747970657c733a313a2231223b),
('t6iurnmrfokhkvjcdkm31cq75q2469ca', '::1', 1593837956, 0x5f5f63695f6c6173745f726567656e65726174657c693a313539333833373935363b69647c733a333a22313130223b6e616d657c733a31323a22417a697a756c20486173616e223b747970657c733a313a2231223b),
('t6o7l8vd4gjfaqmda76v6urupr7pvn77', '::1', 1593847090, 0x5f5f63695f6c6173745f726567656e65726174657c693a313539333834363831383b69647c733a333a22313130223b6e616d657c733a31323a22417a697a756c20486173616e223b747970657c733a313a2231223b6d73677c733a32343a225573657220437265617465642053756365737366756c6c79223b5f5f63695f766172737c613a313a7b733a333a226d7367223b733a333a226e6577223b7d),
('t6uvm87199i07htsc0lfopaovver2q5a', '::1', 1593747311, 0x5f5f63695f6c6173745f726567656e65726174657c693a313539333734373234343b),
('t92judeccaec7h0434qo8ie5fnu2ggmi', '::1', 1594005512, 0x5f5f63695f6c6173745f726567656e65726174657c693a313539343030353531323b),
('teoc5rjfp8bqg3vtb86e4t49oscuchab', '::1', 1593583869, 0x5f5f63695f6c6173745f726567656e65726174657c693a313539333538333836393b70726f66696c655f69647c733a32313a22313133303733383736373437383235353431323434223b69647c733a333a22313039223b6e616d657c733a31323a22417a697a756c20486173616e223b747970657c733a313a2233223b),
('tet8r8k45fmarmrafbp730fcaht8a6ug', '::1', 1594103699, 0x5f5f63695f6c6173745f726567656e65726174657c693a313539343130333639393b69647c733a333a22313134223b6e616d657c733a31323a22417a697a756c20486173616e223b747970657c733a313a2231223b),
('tmd72pjs15fg0gffvhd84fj6fmejruea', '::1', 1593573882, 0x5f5f63695f6c6173745f726567656e65726174657c693a313539333537333838323b6572727c733a3137313a223c703e5468652046756c6c204e616d65206669656c642069732072657175697265642e3c2f703e0a3c703e546865205265747970652050617373776f7264206669656c642069732072657175697265642e3c2f703e0a3c703e546865205465726d73202620436f6e646974696f6e73206669656c642069732072657175697265642e3c2f703e0a3c703e54686520496d616765206669656c642069732072657175697265642e3c2f703e0a223b5f5f63695f766172737c613a313a7b733a333a22657272223b733a333a226f6c64223b7d),
('u3h8j8v0ka8h0c2rvqfvlh3e9l8h7cls', '::1', 1594054876, 0x5f5f63695f6c6173745f726567656e65726174657c693a313539343035343837363b69647c733a333a22313134223b6e616d657c733a31323a22417a697a756c20486173616e223b70726f66696c655f69647c733a32313a22313133303733383736373437383235353431323434223b747970657c733a313a2231223b),
('u3o2fr3nas9bnk7ucdagnesfg2cvmdhk', '::1', 1593840645, 0x5f5f63695f6c6173745f726567656e65726174657c693a313539333834303634353b69647c733a333a22313130223b6e616d657c733a31323a22417a697a756c20486173616e223b747970657c733a313a2231223b),
('u4chkb1unp4ebsig8gut93rhrutic8rh', '::1', 1593662061, 0x5f5f63695f6c6173745f726567656e65726174657c693a313539333636323036313b69647c733a333a22313130223b6e616d657c733a31323a22417a697a756c20486173616e223b70726f66696c655f69647c733a32313a22313133303733383736373437383235353431323434223b747970657c733a313a2231223b),
('uai41n52kofol5cfd8bk197j0cicm3pp', '::1', 1593414438, 0x5f5f63695f6c6173745f726567656e65726174657c693a313539333431343433383b69647c4e3b6e616d657c4e3b747970657c4e3b),
('uc3veahus15a37nv6o3dgjku0hloqk4j', '::1', 1594121151, 0x5f5f63695f6c6173745f726567656e65726174657c693a313539343132313135313b69647c733a333a22313232223b6e616d657c733a31323a22417a697a756c20486173616e223b70726f66696c655f69647c733a32313a22313133303733383736373437383235353431323434223b747970657c733a313a2231223b),
('uclsadl0db9ta2u0j5m5mcfq6pusjiq5', '::1', 1593834005, 0x5f5f63695f6c6173745f726567656e65726174657c693a313539333833343030353b69647c733a333a22313130223b6e616d657c733a31323a22417a697a756c20486173616e223b747970657c733a313a2231223b),
('ud2up4svu2re7q7k85cntd7pvf10auqm', '::1', 1594103060, 0x5f5f63695f6c6173745f726567656e65726174657c693a313539343130333036303b69647c733a333a22313134223b6e616d657c733a31323a22417a697a756c20486173616e223b747970657c733a313a2231223b),
('ufnk4n4d3v3evjlrr6do053ad7runnl4', '::1', 1594118405, 0x5f5f63695f6c6173745f726567656e65726174657c693a313539343131383430353b69647c733a333a22313232223b6e616d657c733a31323a22417a697a756c20486173616e223b70726f66696c655f69647c733a32313a22313133303733383736373437383235353431323434223b747970657c733a313a2231223b),
('uib9c6i9t3ticutiuii0185bnijq65qm', '::1', 1594051523, 0x5f5f63695f6c6173745f726567656e65726174657c693a313539343035313532333b69647c733a333a22313134223b6e616d657c733a31323a22417a697a756c20486173616e223b70726f66696c655f69647c733a32313a22313133303733383736373437383235353431323434223b747970657c733a313a2231223b),
('uj56bnrtahj02kjvlb16pvlofbuqobq7', '::1', 1594122456, 0x5f5f63695f6c6173745f726567656e65726174657c693a313539343132323435363b69647c733a333a22313232223b6e616d657c733a31323a22417a697a756c20486173616e223b70726f66696c655f69647c733a32313a22313133303733383736373437383235353431323434223b747970657c733a313a2231223b),
('ujq02oq2g5oama9q8bg3dv6hdfk73mdk', '::1', 1593584681, 0x5f5f63695f6c6173745f726567656e65726174657c693a313539333538343638313b70726f66696c655f69647c733a32313a22313133303733383736373437383235353431323434223b69647c733a333a22313039223b6e616d657c733a31323a22417a697a756c20486173616e223b747970657c733a313a2233223b),
('ukahnontt0be2ie64rdq8noj2vlsfm9l', '::1', 1593660710, 0x5f5f63695f6c6173745f726567656e65726174657c693a313539333636303731303b69647c733a333a22313039223b6e616d657c733a31323a22417a697a756c20486173616e223b747970657c733a313a2233223b),
('uq5dpf36pdp20tb4k0uijcofr5adsn3a', '::1', 1594121568, 0x5f5f63695f6c6173745f726567656e65726174657c693a313539343132313536383b69647c733a333a22313232223b6e616d657c733a31323a22417a697a756c20486173616e223b70726f66696c655f69647c733a32313a22313133303733383736373437383235353431323434223b747970657c733a313a2231223b),
('urli2jgrifsune8397dnc9ejrot6i9pd', '::1', 1594039905, 0x5f5f63695f6c6173745f726567656e65726174657c693a313539343033393930353b69647c733a333a22313134223b6e616d657c733a31323a22417a697a756c20486173616e223b70726f66696c655f69647c733a32313a22313133303733383736373437383235353431323434223b747970657c733a313a2231223b),
('v24nehuvnom7n4etjgpn7mkpcmc2u0eb', '::1', 1593413812, 0x5f5f63695f6c6173745f726567656e65726174657c693a313539333431333831323b69647c4e3b6e616d657c4e3b747970657c4e3b),
('v40qqr58orqv12sth0op2bkopbb6adan', '::1', 1594043735, 0x5f5f63695f6c6173745f726567656e65726174657c693a313539343034333733353b69647c733a333a22313134223b6e616d657c733a31323a22417a697a756c20486173616e223b70726f66696c655f69647c733a32313a22313133303733383736373437383235353431323434223b747970657c733a313a2231223b),
('vnvi99e08t8010421gkpg14gteah7mrf', '::1', 1593672435, 0x5f5f63695f6c6173745f726567656e65726174657c693a313539333637323433353b69647c733a333a22313130223b6e616d657c733a31323a22417a697a756c20486173616e223b70726f66696c655f69647c733a32313a22313133303733383736373437383235353431323434223b747970657c733a313a2231223b),
('vp4346r614lvqmvv8codl5id2h5rjv6b', '::1', 1593584991, 0x5f5f63695f6c6173745f726567656e65726174657c693a313539333538343939313b70726f66696c655f69647c733a32313a22313133303733383736373437383235353431323434223b69647c733a333a22313039223b6e616d657c733a31323a22417a697a756c20486173616e223b747970657c733a313a2233223b),
('vq0rp2jlrh18bin1matr4ctjdgq8ils9', '::1', 1594039575, 0x5f5f63695f6c6173745f726567656e65726174657c693a313539343033393537353b69647c733a333a22313134223b6e616d657c733a31323a22417a697a756c20486173616e223b70726f66696c655f69647c733a32313a22313133303733383736373437383235353431323434223b747970657c733a313a2231223b),
('vr7ug9th77ke2qravkc0lj5m3minaf5p', '::1', 1593414128, 0x5f5f63695f6c6173745f726567656e65726174657c693a313539333431343132383b69647c4e3b6e616d657c4e3b747970657c4e3b);

-- --------------------------------------------------------

--
-- Table structure for table `position_manage`
--

CREATE TABLE `position_manage` (
  `id` int(11) NOT NULL,
  `position_name` varchar(100) DEFAULT NULL
) ENGINE=InnoDB DEFAULT CHARSET=utf8;

--
-- Dumping data for table `position_manage`
--

INSERT INTO `position_manage` (`id`, `position_name`) VALUES
(1, 'Admin'),
(2, 'Editor'),
(3, 'Sub Editor'),
(4, 'Subscriber');

-- --------------------------------------------------------

--
-- Table structure for table `sub_category`
--

CREATE TABLE `sub_category` (
  `id` int(11) NOT NULL,
  `sub_category_name` varchar(100) DEFAULT NULL,
  `category_id` int(11) DEFAULT NULL
) ENGINE=InnoDB DEFAULT CHARSET=utf8;

--
-- Dumping data for table `sub_category`
--

INSERT INTO `sub_category` (`id`, `sub_category_name`, `category_id`) VALUES
(1, 'cms', 1),
(2, 'html5', 2),
(7, 'jquery', 3),
(8, 'laravel', 4),
(9, 'angular', 3),
(10, 'codeigniter', 4);

-- --------------------------------------------------------

--
-- Table structure for table `tag`
--

CREATE TABLE `tag` (
  `id` int(11) NOT NULL,
  `tag_name` varchar(100) DEFAULT NULL,
  `category_id` int(11) NOT NULL
) ENGINE=InnoDB DEFAULT CHARSET=utf8;

--
-- Dumping data for table `tag`
--

INSERT INTO `tag` (`id`, `tag_name`, `category_id`) VALUES
(1, 'php', 1),
(2, 'html', 2),
(3, 'css', 3);

-- --------------------------------------------------------

--
-- Table structure for table `tbl_comments`
--

CREATE TABLE `tbl_comments` (
  `c_id` int(11) NOT NULL,
  `c_guest_name` varchar(20) NOT NULL,
  `c_guest_mobile` bigint(10) NOT NULL,
  `c_guest_email` varchar(50) NOT NULL,
  `c_comment` text NOT NULL,
  `c_parent_id` int(3) NOT NULL,
  `c_commented_on` timestamp NOT NULL DEFAULT current_timestamp() ON UPDATE current_timestamp()
) ENGINE=InnoDB DEFAULT CHARSET=utf8;

-- --------------------------------------------------------

--
-- Table structure for table `users`
--

CREATE TABLE `users` (
  `id` int(11) NOT NULL,
  `profile_id` varchar(30) DEFAULT NULL,
  `name` varchar(100) DEFAULT NULL,
  `email` varchar(100) DEFAULT NULL,
  `contact` varchar(100) DEFAULT NULL,
  `picture` varchar(255) DEFAULT NULL,
  `password` varchar(100) DEFAULT NULL,
  `password_recovery` varchar(100) DEFAULT NULL,
  `type` tinyint(4) DEFAULT NULL
) ENGINE=InnoDB DEFAULT CHARSET=utf8;

--
-- Dumping data for table `users`
--

INSERT INTO `users` (`id`, `profile_id`, `name`, `email`, `contact`, `picture`, `password`, `password_recovery`, `type`) VALUES
(1, NULL, 'hasan', 'hasan@gmail.com', '235435634', 'jpg', '123', NULL, 1),
(125, '113073876747825541244', 'Azizul Hasan', 'azizulhasan.cr@gmail.com', NULL, 'https://lh3.googleusercontent.com/a-/AOh14GgjCzlVkuflPIF4cSb9gHv6oA0WXcClaqZ9_HiV7g=s96-c', '123', NULL, 1),
(132, NULL, 'kalam', 'kalam@gmail.com', '3524352', '58245f0569c8739a31594190280_adv_3.png', '123', NULL, 2),
(133, NULL, 'rahim', 'rahim@gmail.com', '1234534', '49655f05728f5dd021594192527_best_3.png', '123', NULL, 2),
(134, NULL, 'salam', 'salam@gmail.com', '234234', '70515f0572620043a1594192482_blog_4.jpg', '123', NULL, 1);

--
-- Indexes for dumped tables
--

--
-- Indexes for table `blogs`
--
ALTER TABLE `blogs`
  ADD PRIMARY KEY (`id`),
  ADD KEY `category_id` (`category_id`),
  ADD KEY `created_by_id` (`created_by_id`);

--
-- Indexes for table `blog_comment`
--
ALTER TABLE `blog_comment`
  ADD PRIMARY KEY (`comment_id`,`blog_id`),
  ADD KEY `fk_blog_comment_blog1_idx` (`blog_id`);

--
-- Indexes for table `category`
--
ALTER TABLE `category`
  ADD PRIMARY KEY (`id`);

--
-- Indexes for table `ci_sessions`
--
ALTER TABLE `ci_sessions`
  ADD PRIMARY KEY (`id`),
  ADD KEY `ci_sessions_timestamp` (`timestamp`);

--
-- Indexes for table `position_manage`
--
ALTER TABLE `position_manage`
  ADD PRIMARY KEY (`id`);

--
-- Indexes for table `sub_category`
--
ALTER TABLE `sub_category`
  ADD PRIMARY KEY (`id`),
  ADD KEY `category_id` (`category_id`);

--
-- Indexes for table `tag`
--
ALTER TABLE `tag`
  ADD PRIMARY KEY (`id`),
  ADD KEY `sub_category_id` (`category_id`);

--
-- Indexes for table `tbl_comments`
--
ALTER TABLE `tbl_comments`
  ADD PRIMARY KEY (`c_id`);

--
-- Indexes for table `users`
--
ALTER TABLE `users`
  ADD PRIMARY KEY (`id`);

--
-- AUTO_INCREMENT for dumped tables
--

--
-- AUTO_INCREMENT for table `blogs`
--
ALTER TABLE `blogs`
  MODIFY `id` int(11) NOT NULL AUTO_INCREMENT, AUTO_INCREMENT=56;

--
-- AUTO_INCREMENT for table `blog_comment`
--
ALTER TABLE `blog_comment`
  MODIFY `comment_id` int(10) UNSIGNED NOT NULL AUTO_INCREMENT, AUTO_INCREMENT=49;

--
-- AUTO_INCREMENT for table `category`
--
ALTER TABLE `category`
  MODIFY `id` int(11) NOT NULL AUTO_INCREMENT, AUTO_INCREMENT=5;

--
-- AUTO_INCREMENT for table `position_manage`
--
ALTER TABLE `position_manage`
  MODIFY `id` int(11) NOT NULL AUTO_INCREMENT, AUTO_INCREMENT=5;

--
-- AUTO_INCREMENT for table `sub_category`
--
ALTER TABLE `sub_category`
  MODIFY `id` int(11) NOT NULL AUTO_INCREMENT, AUTO_INCREMENT=11;

--
-- AUTO_INCREMENT for table `tag`
--
ALTER TABLE `tag`
  MODIFY `id` int(11) NOT NULL AUTO_INCREMENT, AUTO_INCREMENT=4;

--
-- AUTO_INCREMENT for table `tbl_comments`
--
ALTER TABLE `tbl_comments`
  MODIFY `c_id` int(11) NOT NULL AUTO_INCREMENT;

--
-- AUTO_INCREMENT for table `users`
--
ALTER TABLE `users`
  MODIFY `id` int(11) NOT NULL AUTO_INCREMENT, AUTO_INCREMENT=135;

--
-- Constraints for dumped tables
--

--
-- Constraints for table `blogs`
--
ALTER TABLE `blogs`
  ADD CONSTRAINT `blogs_ibfk_2` FOREIGN KEY (`category_id`) REFERENCES `category` (`id`),
  ADD CONSTRAINT `blogs_ibfk_3` FOREIGN KEY (`created_by_id`) REFERENCES `users` (`id`);

--
-- Constraints for table `blog_comment`
--
ALTER TABLE `blog_comment`
  ADD CONSTRAINT `fk_blog_comment_blog1` FOREIGN KEY (`blog_id`) REFERENCES `blogs` (`id`) ON DELETE NO ACTION ON UPDATE NO ACTION;

--
-- Constraints for table `sub_category`
--
ALTER TABLE `sub_category`
  ADD CONSTRAINT `sub_category_ibfk_1` FOREIGN KEY (`category_id`) REFERENCES `category` (`id`);

--
-- Constraints for table `tag`
--
ALTER TABLE `tag`
  ADD CONSTRAINT `tag_ibfk_1` FOREIGN KEY (`id`) REFERENCES `category` (`id`);
COMMIT;

/*!40101 SET CHARACTER_SET_CLIENT=@OLD_CHARACTER_SET_CLIENT */;
/*!40101 SET CHARACTER_SET_RESULTS=@OLD_CHARACTER_SET_RESULTS */;
/*!40101 SET COLLATION_CONNECTION=@OLD_COLLATION_CONNECTION */;
